1624521600.0,0.89740000,1.35600000,0.89740000,1.05220000,7862850.00000000,1624522499999,8723388.28050000,20644,3936896.00000000,4398529.80260000,0
1624522500.0,1.05220000,1.05690000,1.02000000,1.03500000,1475142.00000000,1624523399999,1527715.52950000,4011,660345.00000000,684233.35390000,0
1624523400.0,1.03640000,1.03850000,0.98630000,1.01990000,1256280.00000000,1624524299999,1270434.47970000,3611,529458.00000000,536155.94410000,0
1624524300.0,1.01990000,1.02510000,0.99080000,1.02050000,664459.00000000,1624525199999,672386.24950000,2270,350776.00000000,355220.86990000,0
1624525200.0,1.02100000,1.03670000,1.01640000,1.03120000,612405.00000000,1624526099999,628097.30200000,1693,423114.00000000,433949.26260000,0
1624526100.0,1.03120000,1.05190000,1.02130000,1.05190000,765606.00000000,1624526999999,793667.48000000,1844,452084.00000000,469540.11800000,0
1624527000.0,1.05190000,1.11690000,1.04910000,1.06590000,1986814.00000000,1624527899999,2153261.89990000,6132,1045762.00000000,1133729.50620000,0
1624527900.0,1.06640000,1.14560000,1.05520000,1.13500000,1363465.00000000,1624528799999,1507885.78820000,5133,767483.00000000,848808.37990000,0
1624528800.0,1.13360000,1.17980000,1.08000000,1.11940000,2007380.00000000,1624529699999,2251608.17840000,6953,1025959.00000000,1153157.57960000,0
1624529700.0,1.11980000,1.12450000,1.09000000,1.09220000,350930.00000000,1624530599999,388054.12550000,2094,178139.00000000,197018.38170000,0
1624530600.0,1.09320000,1.09410000,1.05050000,1.05520000,657396.00000000,1624531499999,704531.37900000,3209,327972.00000000,351613.66880000,0
1624531500.0,1.05430000,1.07280000,1.03220000,1.04030000,684677.00000000,1624532399999,721295.75760000,2860,369601.00000000,390864.40060000,0
1624532400.0,1.03980000,1.07800000,1.03890000,1.07600000,568653.00000000,1624533299999,603155.62920000,2593,352190.00000000,373361.66670000,0
1624533300.0,1.07600000,1.12000000,1.07500000,1.08550000,993688.00000000,1624534199999,1093712.59710000,3750,542084.00000000,597105.78860000,0
1624534200.0,1.08790000,1.11010000,1.08000000,1.09920000,382337.00000000,1624535099999,420079.33700000,1982,210051.00000000,231163.81260000,0
1624535100.0,1.09880000,1.10210000,1.07690000,1.08000000,284036.00000000,1624535999999,308945.70390000,1406,148015.00000000,160854.19590000,0
1624536000.0,1.07990000,1.09480000,1.05820000,1.06030000,426730.00000000,1624536899999,458743.83070000,2123,226255.00000000,243421.52780000,0
1624536900.0,1.05920000,1.09720000,1.05880000,1.08690000,445685.00000000,1624537799999,480979.97910000,1675,286277.00000000,308908.74320000,0
1624537800.0,1.08850000,1.09400000,1.06760000,1.07670000,312504.00000000,1624538699999,336414.42590000,1260,195979.00000000,210828.11600000,0
1624538700.0,1.07670000,1.10100000,1.07670000,1.08860000,363169.00000000,1624539599999,396071.74390000,1385,206833.00000000,225848.98020000,0
1624539600.0,1.08980000,1.12900000,1.08880000,1.10350000,795167.00000000,1624540499999,883809.58820000,3581,429947.00000000,478221.85570000,0
1624540500.0,1.10400000,1.11760000,1.09350000,1.09990000,486244.00000000,1624541399999,536093.27790000,1612,284562.00000000,313313.84740000,0
1624541400.0,1.10000000,1.10700000,1.07560000,1.08610000,438136.00000000,1624542299999,475910.54580000,2099,163185.00000000,177528.90030000,0
1624542300.0,1.08550000,1.09510000,1.07870000,1.09120000,226957.00000000,1624543199999,247031.84280000,1168,117396.00000000,127841.94290000,0
1624543200.0,1.09180000,1.09690000,1.07140000,1.07500000,433466.00000000,1624544099999,468964.58380000,1550,201742.00000000,218439.74270000,0
1624544100.0,1.07420000,1.09800000,1.07100000,1.08930000,295975.00000000,1624544999999,321457.93340000,1489,201638.00000000,218960.51140000,0
1624545000.0,1.08930000,1.08940000,1.07200000,1.07500000,407241.00000000,1624545899999,438405.57670000,1548,215491.00000000,232179.40630000,0
1624545900.0,1.07710000,1.08370000,1.05490000,1.06000000,258812.00000000,1624546799999,276808.18080000,1243,118924.00000000,127367.55890000,0
1624546800.0,1.05970000,1.07000000,1.03040000,1.04500000,481674.00000000,1624547699999,505581.24380000,2297,203570.00000000,214045.70950000,0
1624547700.0,1.04300000,1.05400000,1.02620000,1.03230000,411186.00000000,1624548599999,427227.30550000,1644,165720.00000000,172332.24740000,0
1624548600.0,1.03330000,1.05000000,1.02970000,1.04000000,211006.00000000,1624549499999,219645.77520000,1043,116959.00000000,121888.14100000,0
1624549500.0,1.03970000,1.04060000,1.01700000,1.01900000,291752.00000000,1624550399999,299129.44720000,1054,166506.00000000,170629.23650000,0
1624550400.0,1.01890000,1.02210000,1.00600000,1.01800000,397252.00000000,1624551299999,403245.76970000,999,217003.00000000,220584.48850000,0
1624551300.0,1.01800000,1.05120000,1.01430000,1.04100000,308915.00000000,1624552199999,319541.98480000,1177,226704.00000000,234100.38930000,0
1624552200.0,1.04090000,1.04790000,1.01570000,1.02060000,170452.00000000,1624553099999,175590.46950000,703,58933.00000000,60956.18520000,0
1624553100.0,1.02050000,1.03200000,1.01200000,1.02760000,171729.00000000,1624553999999,175817.63340000,811,110207.00000000,112889.91600000,0
1624554000.0,1.02610000,1.03880000,1.01700000,1.02140000,198483.00000000,1624554899999,204148.88280000,846,115615.00000000,119017.71990000,0
1624554900.0,1.02160000,1.03920000,1.00850000,1.02660000,220620.00000000,1624555799999,225262.36500000,860,121264.00000000,123975.27820000,0
1624555800.0,1.02850000,1.05780000,1.02250000,1.02550000,439311.00000000,1624556699999,457855.18910000,1560,284665.00000000,296946.95640000,0
1624556700.0,1.02640000,1.03330000,1.01140000,1.02490000,185351.00000000,1624557599999,189617.88170000,642,66368.00000000,68053.13680000,0
1624557600.0,1.02350000,1.03690000,1.02120000,1.02670000,153541.00000000,1624558499999,157645.20650000,673,69918.00000000,71815.99370000,0
1624558500.0,1.02500000,1.02850000,1.01560000,1.02840000,108216.00000000,1624559399999,110686.44620000,500,42281.00000000,43301.11250000,0
1624559400.0,1.02850000,1.05500000,1.02440000,1.03700000,203403.00000000,1624560299999,212023.66990000,887,137847.00000000,143822.44720000,0
1624560300.0,1.03960000,1.07290000,1.03720000,1.07280000,271948.00000000,1624561199999,288030.32060000,1167,165264.00000000,174981.76640000,0
1624561200.0,1.07280000,1.07600000,1.03560000,1.04510000,298162.00000000,1624562099999,315455.89460000,1611,149533.00000000,158235.98840000,0
1624562100.0,1.04620000,1.05000000,1.03350000,1.04140000,86083.00000000,1624562999999,89722.69480000,466,34053.00000000,35461.21650000,0
1624563000.0,1.04190000,1.05500000,1.03590000,1.03890000,65579.00000000,1624563899999,68395.27100000,438,30344.00000000,31691.62740000,0
1624563900.0,1.03910000,1.03910000,1.02500000,1.02700000,101227.00000000,1624564799999,104402.03840000,547,39569.00000000,40812.05520000,0
1624564800.0,1.02730000,1.05420000,1.02200000,1.04830000,152972.00000000,1624565699999,158377.02790000,728,79432.00000000,82490.38300000,0
1624565700.0,1.04610000,1.05500000,1.03440000,1.03560000,101076.00000000,1624566599999,105485.79470000,487,55256.00000000,57741.45430000,0
1624566600.0,1.03560000,1.05890000,1.03550000,1.05580000,100406.00000000,1624567499999,105288.44840000,574,68406.00000000,71726.12700000,0
1624567500.0,1.05630000,1.07500000,1.05370000,1.07070000,128927.00000000,1624568399999,137259.93410000,663,82646.00000000,88015.19080000,0
1624568400.0,1.07080000,1.09730000,1.06230000,1.08140000,355075.00000000,1624569299999,384529.19060000,1290,204231.00000000,221119.45260000,0
1624569300.0,1.08020000,1.10340000,1.06670000,1.08490000,316681.00000000,1624570199999,345002.37800000,2033,193620.00000000,211063.57400000,0
1624570200.0,1.08500000,1.11100000,1.08360000,1.10910000,195365.00000000,1624571099999,214997.76750000,1007,120806.00000000,133000.70670000,0
1624571100.0,1.10850000,1.10880000,1.07490000,1.08390000,146250.00000000,1624571999999,159385.54410000,900,59888.00000000,65331.67910000,0
1624572000.0,1.08330000,1.09500000,1.08180000,1.08950000,182772.00000000,1624572899999,198772.87330000,810,112919.00000000,122949.98470000,0
1624572900.0,1.08940000,1.08950000,1.06700000,1.07170000,103266.00000000,1624573799999,110945.10420000,514,54835.00000000,58754.13810000,0
1624573800.0,1.07280000,1.07310000,1.04710000,1.05690000,141976.00000000,1624574699999,150064.41630000,594,68177.00000000,72149.68210000,0
1624574700.0,1.05720000,1.08900000,1.05570000,1.08470000,110909.00000000,1624575599999,118815.80900000,419,66757.00000000,71576.87910000,0
1624575600.0,1.08380000,1.08500000,1.07430000,1.08500000,85616.00000000,1624576499999,92413.09800000,388,37462.00000000,40461.73200000,0
1624576500.0,1.08380000,1.08500000,1.07420000,1.08000000,63629.00000000,1624577399999,68753.49700000,274,43097.00000000,46583.69990000,0
1624577400.0,1.07900000,1.08500000,1.07050000,1.07770000,90590.00000000,1624578299999,97987.98750000,439,54674.00000000,59217.28740000,0
1624578300.0,1.07660000,1.08590000,1.01140000,1.01570000,366456.00000000,1624579199999,383450.27540000,1835,69061.00000000,72817.48950000,0
1624579200.0,1.01580000,1.03720000,1.01140000,1.03620000,313884.00000000,1624580099999,321929.77880000,1366,131288.00000000,134890.84540000,0
1624580100.0,1.03620000,1.05330000,1.01140000,1.01140000,579362.00000000,1624580999999,597283.93090000,1700,112191.00000000,116267.39230000,0
1624581000.0,1.01150000,1.05100000,1.00220000,1.03290000,255051.00000000,1624581899999,260861.58960000,1195,133552.00000000,137103.92540000,0
1624581900.0,1.03290000,1.03570000,1.02340000,1.02700000,104733.00000000,1624582799999,107970.28730000,397,59351.00000000,61219.58370000,0
1624582800.0,1.02710000,1.03600000,1.01580000,1.02280000,121210.00000000,1624583699999,124199.11320000,624,59598.00000000,61136.60410000,0
1624583700.0,1.02310000,1.02830000,1.01260000,1.02590000,65040.00000000,1624584599999,66437.91080000,359,33601.00000000,34358.63010000,0
1624584600.0,1.02600000,1.03000000,1.01990000,1.02160000,78898.00000000,1624585499999,81030.35220000,206,54410.00000000,55935.34330000,0
1624585500.0,1.02190000,1.04250000,1.01310000,1.03790000,111243.00000000,1624586399999,114344.05390000,472,59832.00000000,61589.68030000,0
1624586400.0,1.03820000,1.06900000,1.03250000,1.05680000,210549.00000000,1624587299999,221601.74860000,817,145322.00000000,152878.46890000,0
1624587300.0,1.05630000,1.06180000,1.04000000,1.04440000,93134.00000000,1624588199999,97495.81580000,456,30985.00000000,32484.73590000,0
1624588200.0,1.04290000,1.04990000,1.04000000,1.04180000,63213.00000000,1624589099999,65851.97940000,219,19422.00000000,20246.43280000,0
1624589100.0,1.04240000,1.07910000,1.04110000,1.07870000,147827.00000000,1624589999999,156707.76040000,542,90693.00000000,96215.69190000,0
1624590000.0,1.07840000,1.07840000,1.05500000,1.05500000,118512.00000000,1624590899999,126871.57540000,663,68864.00000000,73823.29880000,0
1624590900.0,1.05500000,1.05600000,1.04250000,1.04250000,78248.00000000,1624591799999,82094.54620000,274,19723.00000000,20689.73340000,0
1624591800.0,1.04340000,1.04990000,1.04000000,1.04830000,77346.00000000,1624592699999,80757.58530000,283,26156.00000000,27348.53280000,0
1624592700.0,1.04610000,1.05200000,1.03320000,1.03470000,87520.00000000,1624593599999,91547.84120000,336,28444.00000000,29764.28390000,0
1624593600.0,1.03470000,1.06670000,1.03100000,1.05930000,161399.00000000,1624594499999,170376.85410000,635,121686.00000000,128579.11300000,0
1624594500.0,1.05820000,1.06360000,1.03220000,1.03730000,49955.00000000,1624595399999,52229.49560000,355,23438.00000000,24506.72480000,0
1624595400.0,1.03680000,1.03710000,1.03010000,1.03620000,74663.00000000,1624596299999,77187.51180000,264,29415.00000000,30419.49370000,0
1624596300.0,1.03620000,1.05200000,1.03620000,1.05040000,60624.00000000,1624597199999,63319.61410000,291,42188.00000000,44088.12100000,0
1624597200.0,1.05020000,1.05900000,1.04900000,1.05360000,81753.00000000,1624598099999,86058.24000000,447,46162.00000000,48614.09130000,0
1624598100.0,1.05360000,1.05540000,1.03500000,1.03820000,104723.00000000,1624598999999,109608.15260000,434,51472.00000000,53903.01520000,0
1624599000.0,1.03970000,1.04900000,1.03000000,1.03350000,146502.00000000,1624599899999,152396.58430000,450,94969.00000000,99050.11960000,0
1624599900.0,1.03130000,1.04800000,1.02600000,1.04670000,110897.00000000,1624600799999,114994.48360000,465,72294.00000000,75032.55230000,0
1624600800.0,1.04670000,1.05000000,1.03230000,1.04020000,114071.00000000,1624601699999,118970.43990000,423,74051.00000000,77280.68640000,0
1624601700.0,1.04020000,1.04470000,1.03650000,1.04280000,40297.00000000,1624602599999,41967.23980000,225,19759.00000000,20579.92060000,0
1624602600.0,1.04240000,1.04270000,1.02480000,1.02720000,107928.00000000,1624603499999,111283.03580000,379,53634.00000000,55253.12640000,0
1624603500.0,1.02550000,1.03940000,1.02480000,1.03680000,67924.00000000,1624604399999,70176.78350000,316,46286.00000000,47806.98530000,0
1624604400.0,1.03650000,1.03740000,1.02510000,1.02700000,63483.00000000,1624605299999,65492.20880000,319,23975.00000000,24765.46900000,0
1624605300.0,1.02720000,1.02730000,1.01000000,1.01270000,162309.00000000,1624606199999,164818.40900000,575,30483.00000000,30986.43980000,0
1624606200.0,1.01340000,1.01720000,1.00650000,1.00680000,118692.00000000,1624607099999,119926.53740000,433,28412.00000000,28714.54540000,0
1624607100.0,1.00680000,1.01180000,1.00140000,1.00600000,133340.00000000,1624607999999,134007.57630000,503,44461.00000000,44714.10720000,0
1624608000.0,1.00630000,1.00910000,0.98250000,0.98290000,191311.00000000,1624608899999,191116.30810000,751,52754.00000000,52706.23100000,0
1624608900.0,0.98690000,0.99070000,0.96590000,0.98270000,301677.00000000,1624609799999,295232.72780000,884,144350.00000000,141353.28050000,0
1624609800.0,0.98210000,0.98510000,0.96770000,0.98000000,157743.00000000,1624610699999,154345.26350000,578,79027.00000000,77347.68180000,0
1624610700.0,0.98000000,0.99230000,0.97000000,0.99100000,159393.00000000,1624611599999,156402.74340000,424,110355.00000000,108423.04300000,0
1624611600.0,0.99050000,0.99800000,0.98460000,0.99700000,77140.00000000,1624612499999,76584.02920000,313,38594.00000000,38326.59690000,0
1624612500.0,0.99700000,0.99750000,0.97540000,0.98880000,138125.00000000,1624613399999,136147.74470000,688,76885.00000000,75787.28080000,0
1624613400.0,0.98880000,0.99040000,0.95600000,0.95990000,147864.00000000,1624614299999,144307.01490000,878,54448.00000000,53318.33870000,0
1624614300.0,0.95990000,0.96500000,0.94120000,0.94400000,241204.00000000,1624615199999,229868.25190000,1378,107778.00000000,102928.80690000,0
1624615200.0,0.94640000,0.97000000,0.93900000,0.96900000,153371.00000000,1624616099999,146796.06790000,649,104613.00000000,100231.53760000,0
1624616100.0,0.96890000,0.97720000,0.96170000,0.96570000,128554.00000000,1624616999999,124774.67280000,545,68616.00000000,66600.33000000,0
1624617000.0,0.96730000,0.97310000,0.95440000,0.95500000,99427.00000000,1624617899999,95988.27380000,476,52431.00000000,50648.45570000,0
1624617900.0,0.95500000,0.96700000,0.94620000,0.96630000,101984.00000000,1624618799999,97390.65110000,494,61209.00000000,58443.04180000,0
1624618800.0,0.96280000,0.96880000,0.95300000,0.96080000,152869.00000000,1624619699999,146871.71990000,575,100782.00000000,96808.70860000,0
1624619700.0,0.96070000,0.96640000,0.94250000,0.95840000,108973.00000000,1624620599999,104270.04880000,538,63764.00000000,61073.02320000,0
1624620600.0,0.95830000,0.97820000,0.95600000,0.97650000,141614.00000000,1624621499999,137137.45290000,513,95031.00000000,92034.52710000,0
1624621500.0,0.97690000,0.97860000,0.96900000,0.97230000,43583.00000000,1624622399999,42441.14600000,247,28167.00000000,27448.90370000,0
1624622400.0,0.97130000,0.97860000,0.96160000,0.97480000,72930.00000000,1624623299999,70744.14680000,376,50811.00000000,49319.70570000,0
1624623300.0,0.97760000,0.98050000,0.97170000,0.97800000,71799.00000000,1624624199999,70235.71120000,294,54552.00000000,53385.57460000,0
1624624200.0,0.97690000,0.97970000,0.94500000,0.96120000,131863.00000000,1624625099999,127336.60860000,656,59069.00000000,57089.72500000,0
1624625100.0,0.96470000,0.97000000,0.95120000,0.96980000,98915.00000000,1624625999999,95036.55440000,446,67217.00000000,64584.18980000,0
1624626000.0,0.96980000,0.97150000,0.96400000,0.96560000,80687.00000000,1624626899999,78190.50840000,248,35404.00000000,34320.49600000,0
1624626900.0,0.96560000,0.96980000,0.96090000,0.96970000,42089.00000000,1624627799999,40643.66620000,251,23500.00000000,22698.54340000,0
1624627800.0,0.96970000,0.97990000,0.96750000,0.97630000,90290.00000000,1624628699999,88035.78770000,295,54382.00000000,53010.43620000,0
1624628700.0,0.97480000,0.98130000,0.97250000,0.97960000,81819.00000000,1624629599999,80023.37230000,329,58136.00000000,56867.74620000,0
1624629600.0,0.98050000,1.00000000,0.97360000,0.99860000,150048.00000000,1624630499999,148264.33670000,524,119412.00000000,118148.42500000,0
1624630500.0,0.99830000,0.99990000,0.97790000,0.99190000,99405.00000000,1624631399999,98355.82580000,587,46421.00000000,46036.11200000,0
1624631400.0,0.99200000,0.99390000,0.97160000,0.97770000,49957.00000000,1624632299999,48990.39540000,299,15682.00000000,15417.89160000,0
1624632300.0,0.97430000,0.99000000,0.96990000,0.99000000,64643.00000000,1624633199999,63308.10860000,348,39115.00000000,38331.34810000,0
1624633200.0,0.98980000,0.99390000,0.95690000,0.96710000,86725.00000000,1624634099999,84493.22490000,398,32243.00000000,31424.74140000,0
1624634100.0,0.96910000,0.97880000,0.96420000,0.96710000,61849.00000000,1624634999999,59981.93140000,258,31765.00000000,30819.09480000,0
1624635000.0,0.96920000,0.98000000,0.96390000,0.97960000,44708.00000000,1624635899999,43490.08450000,210,20927.00000000,20375.23160000,0
1624635900.0,0.97960000,0.98000000,0.96950000,0.97380000,29255.00000000,1624636799999,28546.30000000,144,11708.00000000,11439.96340000,0
1624636800.0,0.97270000,0.97870000,0.97200000,0.97280000,40683.00000000,1624637699999,39623.20040000,147,15904.00000000,15509.50380000,0
1624637700.0,0.97270000,0.97380000,0.94750000,0.94750000,57735.00000000,1624638599999,55519.34330000,312,28384.00000000,27304.83600000,0
1624638600.0,0.94750000,0.96070000,0.94260000,0.94520000,110612.00000000,1624639499999,105027.76500000,377,68129.00000000,64741.60730000,0
1624639500.0,0.94930000,0.95440000,0.93200000,0.93640000,71994.00000000,1624640399999,67861.49660000,294,46256.00000000,43614.76580000,0
1624640400.0,0.93470000,0.95280000,0.93010000,0.95130000,96398.00000000,1624641299999,90784.74150000,345,49821.00000000,46980.48000000,0
1624641300.0,0.94910000,0.95500000,0.93860000,0.94630000,72575.00000000,1624642199999,68733.11690000,272,39611.00000000,37533.63400000,0
1624642200.0,0.94720000,0.95380000,0.93240000,0.93500000,54048.00000000,1624643099999,51056.88040000,215,17255.00000000,16317.37220000,0
1624643100.0,0.93510000,0.96360000,0.93510000,0.95420000,147316.00000000,1624643999999,140290.61350000,635,71827.00000000,68436.65860000,0
1624644000.0,0.95520000,0.96070000,0.93510000,0.95570000,89369.00000000,1624644899999,84803.19990000,560,42218.00000000,40102.76670000,0
1624644900.0,0.95170000,0.96500000,0.93850000,0.95420000,77557.00000000,1624645799999,73641.08270000,471,37751.00000000,35931.75180000,0
1624645800.0,0.95420000,0.95750000,0.94250000,0.95750000,46439.00000000,1624646699999,44034.34060000,220,28688.00000000,27219.10090000,0
1624646700.0,0.95320000,0.95700000,0.94140000,0.95240000,35192.00000000,1624647599999,33396.00020000,243,23176.00000000,22021.05540000,0
1624647600.0,0.95460000,0.95690000,0.94730000,0.95460000,32866.00000000,1624648499999,31323.45070000,167,23562.00000000,22458.45200000,0
1624648500.0,0.95670000,0.96570000,0.95230000,0.96560000,34430.00000000,1624649399999,33034.72260000,173,20978.00000000,20125.60190000,0
1624649400.0,0.96580000,0.96720000,0.95790000,0.96030000,12766.00000000,1624650299999,12290.74870000,114,5097.00000000,4907.07700000,0
1624650300.0,0.96110000,0.96570000,0.95460000,0.95930000,37168.00000000,1624651199999,35677.03910000,180,16791.00000000,16125.42310000,0
1624651200.0,0.95400000,0.96160000,0.94590000,0.95730000,45974.00000000,1624652099999,44025.41160000,192,27041.00000000,25915.42170000,0
1624652100.0,0.95840000,0.96580000,0.95240000,0.95680000,31115.00000000,1624652999999,29785.72920000,149,25347.00000000,24268.97480000,0
1624653000.0,0.95680000,0.97000000,0.95290000,0.95830000,59505.00000000,1624653899999,57354.28290000,209,40771.00000000,39347.89340000,0
1624653900.0,0.95830000,0.96720000,0.95300000,0.96420000,44697.00000000,1624654799999,42960.55570000,235,26302.00000000,25287.01040000,0
1624654800.0,0.96420000,0.96600000,0.94860000,0.94990000,23979.00000000,1624655699999,23004.21420000,139,10171.00000000,9761.20110000,0
1624655700.0,0.95080000,0.95200000,0.93710000,0.94930000,27989.00000000,1624656599999,26483.11290000,196,12699.00000000,12029.92000000,0
1624656600.0,0.94910000,0.95980000,0.94650000,0.95330000,32388.00000000,1624657499999,30912.11010000,155,24930.00000000,23804.94880000,0
1624657500.0,0.95500000,0.95700000,0.94700000,0.95150000,40698.00000000,1624658399999,38803.07750000,147,19488.00000000,18592.98610000,0
1624658400.0,0.95150000,0.95520000,0.94200000,0.95080000,46209.00000000,1624659299999,43857.93060000,203,24494.00000000,23271.29400000,0
1624659300.0,0.95120000,0.95880000,0.94770000,0.95470000,42377.00000000,1624660199999,40411.19350000,169,21181.00000000,20210.48540000,0
1624660200.0,0.95400000,0.95460000,0.94250000,0.94570000,24608.00000000,1624661099999,23339.41740000,130,7727.00000000,7338.38690000,0
1624661100.0,0.94570000,0.94820000,0.93200000,0.93410000,42246.00000000,1624661999999,39579.71920000,169,27470.00000000,25737.91790000,0
1624662000.0,0.93410000,0.93650000,0.91780000,0.93150000,104594.00000000,1624662899999,96985.94650000,333,57496.00000000,53334.25220000,0
1624662900.0,0.93180000,0.93340000,0.92340000,0.92450000,22696.00000000,1624663799999,21040.83650000,118,8496.00000000,7868.97920000,0
1624663800.0,0.92340000,0.93690000,0.92140000,0.93240000,26608.00000000,1624664699999,24813.77000000,125,12679.00000000,11804.53900000,0
1624664700.0,0.93260000,0.93830000,0.92790000,0.93100000,36627.00000000,1624665599999,34136.59170000,147,15743.00000000,14686.42690000,0
1624665600.0,0.93000000,0.93580000,0.91580000,0.92160000,83061.00000000,1624666499999,76879.30710000,313,42575.00000000,39441.45420000,0
1624666500.0,0.92110000,0.94820000,0.91820000,0.94820000,67480.00000000,1624667399999,63113.25670000,245,42334.00000000,39596.61260000,0
1624667400.0,0.94640000,0.95690000,0.94350000,0.95250000,44765.00000000,1624668299999,42562.68500000,175,22226.00000000,21141.54310000,0
1624668300.0,0.95250000,0.96060000,0.94710000,0.95240000,41743.00000000,1624669199999,39785.88320000,123,31121.00000000,29679.60110000,0
1624669200.0,0.95240000,0.95510000,0.94250000,0.94250000,25717.00000000,1624670099999,24404.74020000,142,14891.00000000,14136.26590000,0
1624670100.0,0.94360000,0.94470000,0.92320000,0.93340000,70303.00000000,1624670999999,65627.85920000,305,22332.00000000,20851.82570000,0
1624671000.0,0.93660000,0.94010000,0.93060000,0.93240000,33600.00000000,1624671899999,31399.55420000,130,16267.00000000,15199.20750000,0
1624671900.0,0.93230000,0.94600000,0.92820000,0.94540000,29188.00000000,1624672799999,27357.73370000,124,20964.00000000,19652.16740000,0
1624672800.0,0.94620000,0.95280000,0.94300000,0.94760000,74756.00000000,1624673699999,70924.63280000,179,23151.00000000,21961.68790000,0
1624673700.0,0.94890000,0.94930000,0.94200000,0.94500000,12049.00000000,1624674599999,11383.59990000,63,6778.00000000,6403.08510000,0
1624674600.0,0.94410000,0.94460000,0.93710000,0.94090000,18385.00000000,1624675499999,17281.01930000,78,12012.00000000,11290.97190000,0
1624675500.0,0.93790000,0.94840000,0.93790000,0.94740000,14094.00000000,1624676399999,13307.33030000,73,8223.00000000,7757.55720000,0
1624676400.0,0.94820000,0.95600000,0.94820000,0.95000000,17454.00000000,1624677299999,16622.37070000,94,7052.00000000,6705.65190000,0
1624677300.0,0.95100000,0.95360000,0.94410000,0.95210000,30371.00000000,1624678199999,28793.70180000,119,19817.00000000,18777.87070000,0
1624678200.0,0.95460000,0.95590000,0.95000000,0.95120000,37135.00000000,1624679099999,35346.11620000,76,6059.00000000,5775.83990000,0
1624679100.0,0.95260000,0.95500000,0.94680000,0.94880000,107971.00000000,1624679999999,102603.57640000,213,74926.00000000,71198.08190000,0
1624680000.0,0.94940000,0.95340000,0.94680000,0.94710000,16021.00000000,1624680899999,15217.15120000,91,7036.00000000,6682.17630000,0
1624680900.0,0.94600000,0.95190000,0.93910000,0.94830000,20140.00000000,1624681799999,19070.01630000,123,8980.00000000,8512.96040000,0
1624681800.0,0.94700000,0.95190000,0.93900000,0.95040000,32243.00000000,1624682699999,30556.21090000,157,15065.00000000,14293.21080000,0
1624682700.0,0.95040000,0.95580000,0.94790000,0.95190000,48073.00000000,1624683599999,45749.56390000,176,24798.00000000,23611.88150000,0
1624683600.0,0.95200000,0.96500000,0.94740000,0.95480000,121509.00000000,1624684499999,116164.67150000,271,59589.00000000,57067.31160000,0
1624684500.0,0.95950000,0.96020000,0.95280000,0.95350000,24861.00000000,1624685399999,23806.92940000,152,9388.00000000,8986.87670000,0
1624685400.0,0.95220000,0.95600000,0.94000000,0.95000000,57230.00000000,1624686299999,54145.80600000,199,20653.00000000,19601.93810000,0
1624686300.0,0.95000000,0.95000000,0.94530000,0.95000000,35229.00000000,1624687199999,33459.14510000,75,31440.00000000,29867.09690000,0
1624687200.0,0.95000000,0.95690000,0.94760000,0.95680000,36417.00000000,1624688099999,34632.41630000,88,34250.00000000,32564.97590000,0
1624688100.0,0.95630000,0.95630000,0.94590000,0.95230000,52988.00000000,1624688999999,50356.96530000,191,25386.00000000,24131.77740000,0
1624689000.0,0.95230000,0.95230000,0.94000000,0.94530000,19511.00000000,1624689899999,18444.26550000,102,3937.00000000,3725.80160000,0
1624689900.0,0.94010000,0.94150000,0.93500000,0.93650000,20488.00000000,1624690799999,19239.28350000,115,7110.00000000,6672.16420000,0
1624690800.0,0.93770000,0.94000000,0.92460000,0.92460000,23382.00000000,1624691699999,21784.41080000,104,3855.00000000,3595.37720000,0
1624691700.0,0.92400000,0.92400000,0.91900000,0.91900000,40158.00000000,1624692599999,36978.27770000,149,14941.00000000,13769.63300000,0
1624692600.0,0.91900000,0.91920000,0.88690000,0.89370000,131073.00000000,1624693499999,118179.98350000,483,40117.00000000,36029.82200000,0
1624693500.0,0.89370000,0.90000000,0.87430000,0.89160000,87567.00000000,1624694399999,77726.12340000,390,35327.00000000,31422.52970000,0
1624694400.0,0.89400000,0.89830000,0.87000000,0.87670000,92667.00000000,1624695299999,82250.29380000,387,40396.00000000,35873.34840000,0
1624695300.0,0.87740000,0.89000000,0.86350000,0.88750000,120203.00000000,1624696199999,105362.96840000,630,51385.00000000,45079.36730000,0
1624696200.0,0.88930000,0.90610000,0.87720000,0.89620000,250601.00000000,1624697099999,222365.61180000,849,175123.00000000,155239.85670000,0
1624697100.0,0.89430000,0.89620000,0.88800000,0.89350000,15267.00000000,1624697999999,13633.43190000,104,7998.00000000,7145.72140000,0
1624698000.0,0.89580000,0.89780000,0.89200000,0.89610000,32645.00000000,1624698899999,29250.53040000,120,25195.00000000,22577.67120000,0
1624698900.0,0.89610000,0.90000000,0.89310000,0.89520000,19308.00000000,1624699799999,17293.26290000,72,13633.00000000,12208.99560000,0
1624699800.0,0.89520000,0.91290000,0.89520000,0.90380000,106449.00000000,1624700699999,96008.17840000,281,83080.00000000,74890.91530000,0
1624700700.0,0.90370000,0.91300000,0.90230000,0.91120000,47971.00000000,1624701599999,43651.18860000,168,24753.00000000,22527.84890000,0
1624701600.0,0.90950000,0.91800000,0.90950000,0.91130000,30958.00000000,1624702499999,28266.39450000,91,23449.00000000,21396.99620000,0
1624702500.0,0.91020000,0.91370000,0.90930000,0.91260000,27940.00000000,1624703399999,25466.52850000,96,21913.00000000,19980.99290000,0
1624703400.0,0.91270000,0.91850000,0.90070000,0.90070000,22631.00000000,1624704299999,20582.41170000,128,8569.00000000,7794.40660000,0
1624704300.0,0.90150000,0.90800000,0.89460000,0.90720000,27899.00000000,1624705199999,25182.88640000,123,16765.00000000,15124.09530000,0
1624705200.0,0.90800000,0.92540000,0.90800000,0.92080000,60436.00000000,1624706099999,55440.79800000,200,40765.00000000,37392.63770000,0
1624706100.0,0.92220000,0.93340000,0.92070000,0.92660000,85479.00000000,1624706999999,79361.69690000,310,33546.00000000,31166.78120000,0
1624707000.0,0.92660000,0.93200000,0.91910000,0.92580000,45147.00000000,1624707899999,41758.23320000,207,16839.00000000,15581.25490000,0
1624707900.0,0.92590000,0.93610000,0.92270000,0.93050000,35052.00000000,1624708799999,32524.15320000,127,16630.00000000,15427.14780000,0
1624708800.0,0.93210000,0.93700000,0.92430000,0.92800000,49251.00000000,1624709699999,45819.39160000,151,25548.00000000,23753.60430000,0
1624709700.0,0.92810000,0.93320000,0.92310000,0.93150000,33439.00000000,1624710599999,31012.04680000,166,20930.00000000,19416.86620000,0
1624710600.0,0.93070000,0.94000000,0.92470000,0.93740000,58602.00000000,1624711499999,54596.91910000,289,25966.00000000,24193.12810000,0
1624711500.0,0.93260000,0.93260000,0.91610000,0.91680000,40782.00000000,1624712399999,37683.27130000,146,11436.00000000,10573.79970000,0
1624712400.0,0.91730000,0.92480000,0.91570000,0.92120000,30534.00000000,1624713299999,28080.71980000,161,15405.00000000,14167.86100000,0
1624713300.0,0.92180000,0.93530000,0.91940000,0.92840000,60248.00000000,1624714199999,56052.33040000,204,17892.00000000,16599.39070000,0
1624714200.0,0.92700000,0.92990000,0.89800000,0.90430000,88717.00000000,1624715099999,80929.80650000,422,41589.00000000,37905.45900000,0
1624715100.0,0.90710000,0.90710000,0.89260000,0.90050000,63415.00000000,1624715999999,56946.60290000,230,40387.00000000,36236.43830000,0
1624716000.0,0.89850000,0.90570000,0.88820000,0.89230000,44946.00000000,1624716899999,40313.68710000,230,22757.00000000,20412.95050000,0
1624716900.0,0.89450000,0.90870000,0.89420000,0.90550000,25679.00000000,1624717799999,23178.45640000,138,13637.00000000,12309.17190000,0
1624717800.0,0.90650000,0.90940000,0.90300000,0.90850000,24395.00000000,1624718699999,22141.08640000,100,16545.00000000,15019.04160000,0
1624718700.0,0.90850000,0.91320000,0.90110000,0.91290000,60839.00000000,1624719599999,55268.70360000,142,51635.00000000,46912.78010000,0
1624719600.0,0.91290000,0.91360000,0.90360000,0.90940000,27515.00000000,1624720499999,24962.66050000,85,23361.00000000,21194.55990000,0
1624720500.0,0.91350000,0.91580000,0.90380000,0.91050000,14118.00000000,1624721399999,12838.14000000,74,6130.00000000,5576.33440000,0
1624721400.0,0.91140000,0.91570000,0.90790000,0.91120000,13738.00000000,1624722299999,12518.97540000,66,9363.00000000,8529.13450000,0
1624722300.0,0.91330000,0.91980000,0.90840000,0.91980000,9721.00000000,1624723199999,8902.26370000,66,5189.00000000,4749.55980000,0
1624723200.0,0.91770000,0.92820000,0.91420000,0.91420000,34719.00000000,1624724099999,31958.37820000,104,23586.00000000,21740.92720000,0
1624724100.0,0.91520000,0.91650000,0.91000000,0.91000000,14366.00000000,1624724999999,13120.08910000,89,4339.00000000,3961.60440000,0
1624725000.0,0.91120000,0.91510000,0.90680000,0.90790000,17407.00000000,1624725899999,15859.61590000,88,5380.00000000,4898.78910000,0
1624725900.0,0.90790000,0.91300000,0.90740000,0.91170000,15876.00000000,1624726799999,14426.41350000,45,15237.00000000,13844.44250000,0
1624726800.0,0.91090000,0.91500000,0.90500000,0.90500000,24255.00000000,1624727699999,22101.86290000,70,11410.00000000,10434.76240000,0
1624727700.0,0.91060000,0.91500000,0.90510000,0.90930000,9655.00000000,1624728599999,8787.88540000,68,6825.00000000,6209.15260000,0
1624728600.0,0.90930000,0.91100000,0.90580000,0.90830000,6196.00000000,1624729499999,5630.16590000,58,3134.00000000,2849.63690000,0
1624729500.0,0.90780000,0.91590000,0.90610000,0.91510000,15147.00000000,1624730399999,13815.07260000,92,7799.00000000,7118.69350000,0
1624730400.0,0.91600000,0.91850000,0.91310000,0.91850000,28552.00000000,1624731299999,26147.45120000,70,20049.00000000,18355.65760000,0
1624731300.0,0.91860000,0.92130000,0.91560000,0.92050000,7904.00000000,1624732199999,7265.15490000,56,6685.00000000,6145.75170000,0
1624732200.0,0.92140000,0.92300000,0.91600000,0.92130000,20816.00000000,1624733099999,19159.99200000,103,8576.00000000,7895.21260000,0
1624733100.0,0.92130000,0.92250000,0.91610000,0.91710000,20995.00000000,1624733999999,19320.94350000,53,1434.00000000,1317.73910000,0
1624734000.0,0.91730000,0.91940000,0.91000000,0.91720000,24970.00000000,1624734899999,22829.37780000,78,4400.00000000,4030.79770000,0
1624734900.0,0.91630000,0.91630000,0.90970000,0.91030000,14450.00000000,1624735799999,13175.18030000,71,9248.00000000,8424.75050000,0
1624735800.0,0.91140000,0.91650000,0.91010000,0.91270000,4475.00000000,1624736699999,4086.02780000,44,2772.00000000,2529.58060000,0
1624736700.0,0.91380000,0.91740000,0.90420000,0.91740000,8068.00000000,1624737599999,7350.31750000,71,5738.00000000,5233.26350000,0
1624737600.0,0.91570000,0.91760000,0.90570000,0.90940000,9166.00000000,1624738499999,8333.92560000,60,5734.00000000,5216.70230000,0
1624738500.0,0.90770000,0.90930000,0.90490000,0.90700000,7520.00000000,1624739399999,6826.08600000,53,3742.00000000,3399.02840000,0
1624739400.0,0.90700000,0.91310000,0.90510000,0.91300000,16140.00000000,1624740299999,14661.92410000,92,10766.00000000,9779.39850000,0
1624740300.0,0.91130000,0.91300000,0.90970000,0.90970000,2367.00000000,1624741199999,2156.77060000,38,1606.00000000,1463.66120000,0
1624741200.0,0.91120000,0.91130000,0.90010000,0.90930000,24683.00000000,1624742099999,22292.04330000,90,6269.00000000,5685.44130000,0
1624742100.0,0.90930000,0.91430000,0.90580000,0.91140000,12748.00000000,1624742999999,11613.18810000,74,7901.00000000,7196.77160000,0
1624743000.0,0.91140000,0.91220000,0.90940000,0.91210000,3602.00000000,1624743899999,3284.40780000,30,3124.00000000,2849.50230000,0
1624743900.0,0.91120000,0.91610000,0.90930000,0.91610000,8665.00000000,1624744799999,7910.76270000,55,6299.00000000,5752.78150000,0
1624744800.0,0.91630000,0.91830000,0.91240000,0.91830000,7129.00000000,1624745699999,6533.12900000,60,4124.00000000,3779.92040000,0
1624745700.0,0.91830000,0.92130000,0.91640000,0.92130000,3102.00000000,1624746599999,2847.62080000,36,2633.00000000,2417.40930000,0
1624746600.0,0.91990000,0.92700000,0.91980000,0.92600000,12569.00000000,1624747499999,11602.59350000,68,6845.00000000,6318.63290000,0
1624747500.0,0.92600000,0.93390000,0.92200000,0.93130000,10227.00000000,1624748399999,9487.41130000,75,5839.00000000,5414.00330000,0
1624748400.0,0.92990000,0.93540000,0.92880000,0.93110000,25146.00000000,1624749299999,23434.11770000,115,7032.00000000,6557.85750000,0
1624749300.0,0.93260000,0.93460000,0.92870000,0.92970000,7949.00000000,1624750199999,7394.55830000,54,2334.00000000,2170.64040000,0
1624750200.0,0.92910000,0.93410000,0.92330000,0.93050000,26461.00000000,1624751099999,24540.23660000,120,17553.00000000,16271.99850000,0
1624751100.0,0.93050000,0.93600000,0.92830000,0.93410000,11025.00000000,1624751999999,10279.71680000,65,9542.00000000,8897.03330000,0
1624752000.0,0.93410000,0.94130000,0.92640000,0.94100000,34731.00000000,1624752899999,32492.29440000,167,22084.00000000,20662.96700000,0
1624752900.0,0.94080000,0.95670000,0.93790000,0.95670000,32519.00000000,1624753799999,30840.99840000,167,22231.00000000,21112.96240000,0
1624753800.0,0.95150000,0.95680000,0.94130000,0.94290000,15341.00000000,1624754699999,14551.41470000,109,7219.00000000,6854.22100000,0
1624754700.0,0.94280000,0.94440000,0.93490000,0.94330000,32798.00000000,1624755599999,30836.27150000,140,15450.00000000,14512.78410000,0
1624755600.0,0.94200000,0.95060000,0.93900000,0.94520000,10340.00000000,1624756499999,9762.51230000,59,8075.00000000,7619.56760000,0
1624756500.0,0.94420000,0.95610000,0.94420000,0.95480000,13420.00000000,1624757399999,12779.94720000,113,10676.00000000,10168.01060000,0
1624757400.0,0.95480000,0.95580000,0.94300000,0.95140000,35012.00000000,1624758299999,33251.98210000,140,14636.00000000,13903.68580000,0
1624758300.0,0.95180000,0.95240000,0.94980000,0.95100000,10986.00000000,1624759199999,10449.35130000,56,6592.00000000,6269.59490000,0
1624759200.0,0.95000000,0.95460000,0.94750000,0.95310000,13068.00000000,1624760099999,12419.09200000,80,4860.00000000,4620.86740000,0
1624760100.0,0.95310000,0.95690000,0.94580000,0.95690000,18232.00000000,1624760999999,17358.08320000,105,11451.00000000,10906.89860000,0
1624761000.0,0.96000000,0.96500000,0.95700000,0.95850000,26974.00000000,1624761899999,25938.38070000,110,16312.00000000,15697.22740000,0
1624761900.0,0.96290000,0.96300000,0.95690000,0.96300000,9739.00000000,1624762799999,9352.21050000,50,5737.00000000,5518.04950000,0
1624762800.0,0.96330000,0.96850000,0.96250000,0.96370000,11517.00000000,1624763699999,11112.46770000,75,6944.00000000,6699.61510000,0
1624763700.0,0.96500000,0.96880000,0.96360000,0.96460000,20787.00000000,1624764599999,20113.97520000,84,8792.00000000,8501.80650000,0
1624764600.0,0.96290000,0.96850000,0.95700000,0.96620000,18640.00000000,1624765499999,17952.84230000,83,12569.00000000,12109.45050000,0
1624765500.0,0.96560000,0.97340000,0.95710000,0.96640000,34177.00000000,1624766399999,33055.11510000,186,13329.00000000,12907.80070000,0
1624766400.0,0.96530000,0.96580000,0.96100000,0.96340000,11551.00000000,1624767299999,11129.40050000,61,1879.00000000,1810.10700000,0
1624767300.0,0.96340000,0.96390000,0.96170000,0.96300000,2355.00000000,1624768199999,2268.02440000,26,2082.00000000,2005.32320000,0
1624768200.0,0.96200000,0.96380000,0.95930000,0.96040000,18804.00000000,1624769099999,18082.72720000,56,7990.00000000,7685.58790000,0
1624769100.0,0.96040000,0.96130000,0.95790000,0.95840000,4663.00000000,1624769999999,4476.06640000,33,2399.00000000,2302.43110000,0
1624770000.0,0.95790000,0.96040000,0.95280000,0.95520000,13309.00000000,1624770899999,12739.85100000,50,2255.00000000,2159.45300000,0
1624770900.0,0.95650000,0.96040000,0.95430000,0.96040000,4568.00000000,1624771799999,4374.43280000,39,4227.00000000,4048.20420000,0
1624771800.0,0.96070000,0.96200000,0.95660000,0.96200000,8807.00000000,1624772699999,8450.51710000,49,6295.00000000,6041.40640000,0
1624772700.0,0.95990000,0.96200000,0.95470000,0.95520000,19920.00000000,1624773599999,19072.10850000,102,9483.00000000,9083.39820000,0
1624773600.0,0.95550000,0.95910000,0.95080000,0.95820000,21583.00000000,1624774499999,20645.14510000,101,6256.00000000,5976.59440000,0
1624774500.0,0.95960000,0.95960000,0.95410000,0.95520000,14157.00000000,1624775399999,13538.43660000,47,2145.00000000,2050.37120000,0
1624775400.0,0.95520000,0.95770000,0.95010000,0.95070000,32953.00000000,1624776299999,31451.70700000,95,5653.00000000,5394.21570000,0
1624776300.0,0.95200000,0.95920000,0.95010000,0.95200000,36266.00000000,1624777199999,34599.88590000,175,20358.00000000,19439.30950000,0
1624777200.0,0.95200000,0.95240000,0.94710000,0.95120000,19172.00000000,1624778099999,18215.39610000,94,9883.00000000,9390.60840000,0
1624778100.0,0.95350000,0.95360000,0.92830000,0.94520000,172548.00000000,1624778999999,162105.14070000,725,52976.00000000,49873.64070000,0
1624779000.0,0.94470000,0.95130000,0.92920000,0.95080000,88819.00000000,1624779899999,83653.75830000,415,38424.00000000,36190.10450000,0
1624779900.0,0.95070000,0.95130000,0.94340000,0.94530000,36454.00000000,1624780799999,34512.74300000,106,20949.00000000,19826.73500000,0
1624780800.0,0.94600000,0.95230000,0.94350000,0.94890000,49310.00000000,1624781699999,46807.08830000,109,42793.00000000,40625.77070000,0
1624781700.0,0.94890000,0.95450000,0.94690000,0.95450000,22081.00000000,1624782599999,21001.45250000,77,8601.00000000,8177.50650000,0
1624782600.0,0.95480000,0.95480000,0.94780000,0.94950000,17874.00000000,1624783499999,16999.23420000,96,7557.00000000,7187.05460000,0
1624783500.0,0.94850000,0.95200000,0.93760000,0.94460000,56648.00000000,1624784399999,53609.58860000,176,19047.00000000,18028.53700000,0
1624784400.0,0.94460000,0.94660000,0.93860000,0.94140000,11785.00000000,1624785299999,11116.50420000,80,7117.00000000,6717.67250000,0
1624785300.0,0.94120000,0.94660000,0.93750000,0.94130000,25098.00000000,1624786199999,23652.89080000,107,6786.00000000,6388.04030000,0
1624786200.0,0.94030000,0.94470000,0.92140000,0.92250000,40263.00000000,1624787099999,37500.99720000,175,19598.00000000,18227.24330000,0
1624787100.0,0.92160000,0.93180000,0.92000000,0.92900000,41849.00000000,1624787999999,38731.01870000,145,17306.00000000,16015.06760000,0
1624788000.0,0.92950000,0.93720000,0.92690000,0.93710000,11042.00000000,1624788899999,10310.41350000,106,5604.00000000,5230.11790000,0
1624788900.0,0.93620000,0.94250000,0.93610000,0.93970000,31558.00000000,1624789799999,29663.43580000,123,6765.00000000,6362.29580000,0
1624789800.0,0.93790000,0.93790000,0.92010000,0.93030000,31215.00000000,1624790699999,28946.59050000,139,11640.00000000,10795.55000000,0
1624790700.0,0.92730000,0.93600000,0.92470000,0.93230000,41154.00000000,1624791599999,38260.02520000,125,25270.00000000,23463.82530000,0
1624791600.0,0.93100000,0.93720000,0.93000000,0.93500000,11542.00000000,1624792499999,10783.94790000,58,7960.00000000,7438.23620000,0
1624792500.0,0.93460000,0.94250000,0.93040000,0.94040000,8672.00000000,1624793399999,8119.25190000,70,6910.00000000,6471.28090000,0
1624793400.0,0.94060000,0.95090000,0.94000000,0.94620000,17774.00000000,1624794299999,16825.61400000,132,11324.00000000,10717.54380000,0
1624794300.0,0.94600000,0.94620000,0.93950000,0.94480000,27342.00000000,1624795199999,25820.45340000,93,22827.00000000,21559.31310000,0
1624795200.0,0.94480000,0.94900000,0.94010000,0.94300000,30575.00000000,1624796099999,28885.82880000,114,25545.00000000,24134.75710000,0
1624796100.0,0.94480000,0.95000000,0.94480000,0.94960000,21447.00000000,1624796999999,20322.56840000,66,18030.00000000,17084.98350000,0
1624797000.0,0.94810000,0.95450000,0.94120000,0.94740000,67697.00000000,1624797899999,64267.94300000,129,39125.00000000,37163.01000000,0
1624797900.0,0.94740000,0.95280000,0.94720000,0.94930000,9475.00000000,1624798799999,9004.52110000,62,4408.00000000,4190.51170000,0
1624798800.0,0.95000000,0.95100000,0.94030000,0.94820000,8401.00000000,1624799699999,7954.05540000,73,3363.00000000,3180.29580000,0
1624799700.0,0.94790000,0.95100000,0.94510000,0.94760000,14735.00000000,1624800599999,13996.03970000,55,2720.00000000,2579.72210000,0
1624800600.0,0.94590000,0.95100000,0.94250000,0.94840000,13294.00000000,1624801499999,12581.13010000,67,6909.00000000,6539.46790000,0
1624801500.0,0.94750000,0.94750000,0.93010000,0.94110000,50145.00000000,1624802399999,46990.67610000,179,21519.00000000,20230.36200000,0
1624802400.0,0.93930000,0.94070000,0.93000000,0.93220000,16761.00000000,1624803299999,15685.08030000,70,4958.00000000,4640.14350000,0
1624803300.0,0.93240000,0.94010000,0.93150000,0.93540000,9553.00000000,1624804199999,8945.73280000,86,7259.00000000,6799.34640000,0
1624804200.0,0.93530000,0.94190000,0.93490000,0.93830000,18124.00000000,1624805099999,17017.41950000,82,13697.00000000,12857.36620000,0
1624805100.0,0.93990000,0.94650000,0.93720000,0.94100000,16734.00000000,1624805999999,15772.04980000,80,13469.00000000,12693.75840000,0
1624806000.0,0.94050000,0.94980000,0.94000000,0.94470000,12776.00000000,1624806899999,12049.38990000,87,5083.00000000,4796.35900000,0
1624806900.0,0.94480000,0.94610000,0.94070000,0.94320000,9663.00000000,1624807799999,9116.14450000,83,4499.00000000,4241.68700000,0
1624807800.0,0.94320000,0.94320000,0.93840000,0.93840000,9478.00000000,1624808699999,8914.83120000,64,5696.00000000,5358.98020000,0
1624808700.0,0.93870000,0.94490000,0.93720000,0.94300000,20752.00000000,1624809599999,19513.33320000,112,14745.00000000,13862.44520000,0
1624809600.0,0.94160000,0.94720000,0.93720000,0.94380000,25069.00000000,1624810499999,23619.92410000,111,8603.00000000,8101.69560000,0
1624810500.0,0.94290000,0.94620000,0.93720000,0.94000000,27119.00000000,1624811399999,25585.12170000,87,6944.00000000,6549.41520000,0
1624811400.0,0.94080000,0.94450000,0.93750000,0.94130000,4241.00000000,1624812299999,3993.25340000,48,3048.00000000,2868.97900000,0
1624812300.0,0.94390000,0.94390000,0.93720000,0.93800000,4151.00000000,1624813199999,3900.56060000,49,2280.00000000,2139.62570000,0
1624813200.0,0.93930000,0.94100000,0.93600000,0.93970000,18741.00000000,1624814099999,17579.32880000,77,14956.00000000,14029.09230000,0
1624814100.0,0.93910000,0.94370000,0.93580000,0.94080000,13429.00000000,1624814999999,12646.86950000,79,3965.00000000,3735.77520000,0
1624815000.0,0.94070000,0.94210000,0.93700000,0.94000000,12176.00000000,1624815899999,11426.70520000,60,10485.00000000,9836.41010000,0
1624815900.0,0.94000000,0.94090000,0.93660000,0.93840000,6813.00000000,1624816799999,6399.51020000,27,6440.00000000,6049.45280000,0
1624816800.0,0.93850000,0.93880000,0.93030000,0.93040000,12913.00000000,1624817699999,12092.33950000,91,3745.00000000,3506.59440000,0
1624817700.0,0.93050000,0.93570000,0.93050000,0.93340000,2307.00000000,1624818599999,2151.90520000,41,2044.00000000,1906.88610000,0
1624818600.0,0.93340000,0.93440000,0.93160000,0.93360000,1484.00000000,1624819499999,1384.91380000,28,1242.00000000,1159.24520000,0
1624819500.0,0.93170000,0.93860000,0.93160000,0.93550000,12120.00000000,1624820399999,11333.16770000,63,8371.00000000,7828.20570000,0
1624820400.0,0.93540000,0.93870000,0.93230000,0.93460000,6518.00000000,1624821299999,6093.97920000,42,4920.00000000,4599.66060000,0
1624821300.0,0.93390000,0.93560000,0.93260000,0.93410000,10461.00000000,1624822199999,9768.62130000,41,3165.00000000,2957.27710000,0
1624822200.0,0.93450000,0.93660000,0.93030000,0.93270000,9715.00000000,1624823099999,9051.84620000,52,4760.00000000,4434.80830000,0
1624823100.0,0.93270000,0.93400000,0.93120000,0.93250000,10060.00000000,1624823999999,9380.89920000,40,9419.00000000,8783.37580000,0
1624824000.0,0.93250000,0.93310000,0.92260000,0.93080000,75856.00000000,1624824899999,70509.31210000,178,52639.00000000,48950.04830000,0
1624824900.0,0.92960000,0.93460000,0.92740000,0.93460000,20111.00000000,1624825799999,18711.34680000,76,12312.00000000,11457.83040000,0
1624825800.0,0.93460000,0.93710000,0.93170000,0.93590000,4031.00000000,1624826699999,3766.41340000,38,2858.00000000,2671.47560000,0
1624826700.0,0.93380000,0.93440000,0.93190000,0.93280000,7276.00000000,1624827599999,6794.18860000,45,4429.00000000,4135.55690000,0
1624827600.0,0.93280000,0.93680000,0.93100000,0.93240000,9496.00000000,1624828499999,8865.60840000,60,6622.00000000,6182.78570000,0
1624828500.0,0.93370000,0.93700000,0.93160000,0.93390000,6866.00000000,1624829399999,6406.05480000,59,4274.00000000,3989.88160000,0
1624829400.0,0.93290000,0.93700000,0.93290000,0.93320000,5696.00000000,1624830299999,5323.67070000,45,5082.00000000,4750.12150000,0
1624830300.0,0.93300000,0.93740000,0.93000000,0.93730000,14703.00000000,1624831199999,13749.46780000,71,11286.00000000,10558.00410000,0
1624831200.0,0.93630000,0.95500000,0.93630000,0.95250000,33589.00000000,1624832099999,31804.16170000,127,29696.00000000,28106.24770000,0
1624832100.0,0.95220000,0.96290000,0.94960000,0.96100000,27701.00000000,1624832999999,26466.41260000,128,22371.00000000,21384.80380000,0
1624833000.0,0.96100000,0.97150000,0.95540000,0.96950000,52051.00000000,1624833899999,50241.92710000,198,29426.00000000,28401.52510000,0
1624833900.0,0.96950000,0.99000000,0.96950000,0.99000000,48646.00000000,1624834799999,47520.09380000,223,24763.00000000,24209.72130000,0
1624834800.0,0.99000000,0.99000000,0.97860000,0.98190000,14800.00000000,1624835699999,14541.69920000,91,5149.00000000,5050.21590000,0
1624835700.0,0.97830000,0.99000000,0.97160000,0.98700000,44139.00000000,1624836599999,43207.92190000,163,33608.00000000,32899.29170000,0
1624836600.0,0.98700000,1.00140000,0.98110000,0.99670000,82953.00000000,1624837499999,82122.61480000,349,45235.00000000,44877.88940000,0
1624837500.0,0.99410000,1.00130000,0.99000000,0.99330000,74954.00000000,1624838399999,74747.04940000,194,19268.00000000,19183.73040000,0
1624838400.0,0.99110000,0.99430000,0.97220000,0.97220000,64301.00000000,1624839299999,63207.83470000,214,34160.00000000,33558.94470000,0
1624839300.0,0.97220000,0.97940000,0.95740000,0.97470000,138226.00000000,1624840199999,134008.53040000,517,45151.00000000,43865.41740000,0
1624840200.0,0.97220000,0.98420000,0.97220000,0.97930000,36734.00000000,1624841099999,36013.21560000,115,27914.00000000,27370.92430000,0
1624841100.0,0.97930000,0.97930000,0.97050000,0.97270000,23013.00000000,1624841999999,22486.27890000,65,10045.00000000,9808.76760000,0
1624842000.0,0.97260000,0.97640000,0.96010000,0.97080000,24256.00000000,1624842899999,23539.03790000,121,13624.00000000,13244.09650000,0
1624842900.0,0.97270000,0.98090000,0.96860000,0.96980000,34392.00000000,1624843799999,33480.10220000,139,23758.00000000,23136.99920000,0
1624843800.0,0.96940000,0.97110000,0.96370000,0.96770000,16175.00000000,1624844699999,15649.59680000,99,9643.00000000,9333.47820000,0
1624844700.0,0.96700000,0.97070000,0.96520000,0.97070000,20490.00000000,1624845599999,19843.99700000,58,12182.00000000,11808.45280000,0
1624845600.0,0.97070000,0.97780000,0.96850000,0.97710000,31185.00000000,1624846499999,30393.16800000,109,25554.00000000,24907.48580000,0
1624846500.0,0.97710000,0.97800000,0.97270000,0.97370000,15157.00000000,1624847399999,14786.25080000,98,5808.00000000,5667.09020000,0
1624847400.0,0.97480000,0.98010000,0.97250000,0.97400000,39925.00000000,1624848299999,39002.90930000,120,14672.00000000,14339.94660000,0
1624848300.0,0.97350000,0.97350000,0.96990000,0.97140000,10458.00000000,1624849199999,10165.00030000,61,3495.00000000,3394.01630000,0
1624849200.0,0.97140000,0.97280000,0.97060000,0.97070000,5528.00000000,1624850099999,5371.08760000,25,3866.00000000,3756.80000000,0
1624850100.0,0.97070000,0.97230000,0.96930000,0.96960000,8790.00000000,1624850999999,8533.05040000,50,4454.00000000,4325.74310000,0
1624851000.0,0.97130000,0.97130000,0.96490000,0.96730000,7955.00000000,1624851899999,7697.13120000,43,521.00000000,504.73840000,0
1624851900.0,0.96730000,0.96800000,0.96180000,0.96510000,10428.00000000,1624852799999,10066.37590000,64,5770.00000000,5575.11390000,0
1624852800.0,0.96550000,0.96680000,0.96550000,0.96680000,5825.00000000,1624853699999,5626.40380000,28,1385.00000000,1338.27770000,0
1624853700.0,0.96570000,0.96670000,0.96310000,0.96440000,9956.00000000,1624854599999,9619.10570000,49,2671.00000000,2581.58530000,0
1624854600.0,0.96540000,0.96540000,0.96260000,0.96400000,3343.00000000,1624855499999,3222.03650000,24,1211.00000000,1167.48560000,0
1624855500.0,0.96280000,0.96500000,0.96160000,0.96190000,5391.00000000,1624856399999,5190.69350000,49,2044.00000000,1969.84690000,0
1624856400.0,0.96250000,0.96310000,0.96170000,0.96170000,2363.00000000,1624857299999,2274.18850000,32,1388.00000000,1336.04220000,0
1624857300.0,0.96280000,0.96500000,0.96200000,0.96200000,16484.00000000,1624858199999,15870.96270000,47,9047.00000000,8709.30280000,0
1624858200.0,0.96300000,0.96500000,0.96180000,0.96330000,13865.00000000,1624859099999,13347.25480000,45,11876.00000000,11433.93450000,0
1624859100.0,0.96290000,0.96790000,0.96260000,0.96420000,14257.00000000,1624859999999,13746.65530000,74,7270.00000000,7014.91190000,0
1624860000.0,0.96420000,0.96760000,0.96270000,0.96340000,33239.00000000,1624860899999,32055.12700000,107,15765.00000000,15215.21670000,0
1624860900.0,0.96350000,0.96640000,0.96350000,0.96500000,17908.00000000,1624861799999,17281.00180000,65,3997.00000000,3859.06450000,0
1624861800.0,0.96510000,0.96640000,0.95700000,0.95970000,23681.00000000,1624862699999,22764.54460000,95,7972.00000000,7656.84870000,0
1624862700.0,0.95970000,0.96400000,0.95820000,0.96320000,39407.00000000,1624863599999,37922.05810000,83,12753.00000000,12258.06350000,0
1624863600.0,0.96340000,0.96690000,0.96130000,0.96650000,14624.00000000,1624864499999,14103.19890000,71,11176.00000000,10783.52600000,0
1624864500.0,0.96660000,0.98000000,0.96530000,0.98000000,60474.00000000,1624865399999,58834.48970000,154,37117.00000000,36118.76250000,0
1624865400.0,0.97670000,0.98000000,0.97410000,0.97740000,22736.00000000,1624866299999,22220.15350000,135,11111.00000000,10866.23490000,0
1624866300.0,0.97780000,0.99000000,0.97670000,0.97920000,279881.00000000,1624867199999,275006.80230000,552,113748.00000000,111859.50700000,0
1624867200.0,0.97930000,0.98310000,0.97520000,0.98160000,43961.00000000,1624868099999,42989.48180000,232,18468.00000000,18070.18940000,0
1624868100.0,0.98160000,0.99600000,0.97990000,0.99030000,74678.00000000,1624868999999,73958.07760000,234,23373.00000000,23096.82080000,0
1624869000.0,0.99030000,0.99280000,0.98420000,0.98520000,25841.00000000,1624869899999,25552.34460000,101,11150.00000000,11031.52050000,0
1624869900.0,0.98520000,0.98840000,0.98500000,0.98660000,8889.00000000,1624870799999,8768.38340000,48,4445.00000000,4385.76710000,0
1624870800.0,0.98710000,0.98710000,0.96940000,0.97800000,36892.00000000,1624871699999,36117.23360000,197,16056.00000000,15739.22670000,0
1624871700.0,0.97860000,0.98290000,0.97060000,0.97850000,37905.00000000,1624872599999,37113.22980000,143,16173.00000000,15841.47550000,0
1624872600.0,0.97840000,0.97940000,0.97000000,0.97400000,23443.00000000,1624873499999,22847.41970000,87,9646.00000000,9402.28140000,0
1624873500.0,0.97320000,0.97630000,0.97010000,0.97040000,29738.00000000,1624874399999,28918.42590000,111,11439.00000000,11137.17530000,0
1624874400.0,0.97190000,0.97980000,0.96650000,0.97000000,33557.00000000,1624875299999,32589.71400000,123,17025.00000000,16551.85830000,0
1624875300.0,0.97000000,0.97580000,0.96560000,0.96560000,17512.00000000,1624876199999,16966.46860000,85,13159.00000000,12745.36480000,0
1624876200.0,0.96560000,0.96770000,0.96450000,0.96590000,13938.00000000,1624877099999,13456.15690000,61,6548.00000000,6325.15960000,0
1624877100.0,0.96570000,0.97050000,0.96410000,0.96720000,17911.00000000,1624877999999,17315.67290000,75,5745.00000000,5557.07000000,0
1624878000.0,0.96830000,0.96970000,0.96420000,0.96420000,17983.00000000,1624878899999,17389.15290000,62,2517.00000000,2437.51980000,0
1624878900.0,0.96530000,0.96530000,0.96250000,0.96370000,14204.00000000,1624879799999,13685.76750000,63,10889.00000000,10490.54180000,0
1624879800.0,0.96360000,0.96510000,0.96230000,0.96350000,8241.00000000,1624880699999,7938.89690000,43,7125.00000000,6864.63220000,0
1624880700.0,0.96340000,0.96480000,0.96200000,0.96300000,12694.00000000,1624881599999,12224.75660000,62,4355.00000000,4195.42970000,0
1624881600.0,0.96270000,0.96660000,0.96130000,0.96550000,20967.00000000,1624882499999,20216.79400000,96,9897.00000000,9547.36990000,0
1624882500.0,0.96450000,0.97200000,0.96430000,0.96430000,58189.00000000,1624883399999,56231.22320000,133,32794.00000000,31711.12380000,0
1624883400.0,0.96630000,0.97200000,0.96430000,0.96790000,37650.00000000,1624884299999,36441.06810000,97,12270.00000000,11886.77460000,0
1624884300.0,0.96790000,0.97300000,0.96730000,0.97300000,20940.00000000,1624885199999,20308.88040000,94,14843.00000000,14395.47150000,0
1624885200.0,0.97160000,0.97300000,0.96350000,0.96910000,36849.00000000,1624886099999,35680.20440000,96,12370.00000000,11986.34220000,0
1624886100.0,0.96880000,0.97200000,0.96750000,0.96820000,27222.00000000,1624886999999,26395.73580000,82,7093.00000000,6879.70750000,0
1624887000.0,0.96820000,0.96820000,0.96140000,0.96740000,16299.00000000,1624887899999,15753.49390000,65,12025.00000000,11623.15860000,0
1624887900.0,0.96500000,0.96580000,0.96160000,0.96210000,12045.00000000,1624888799999,11610.03430000,61,4071.00000000,3923.81070000,0
1624888800.0,0.96350000,0.96950000,0.96250000,0.96950000,12970.00000000,1624889699999,12548.38230000,71,11671.00000000,11292.95210000,0
1624889700.0,0.96850000,0.97990000,0.96850000,0.97230000,55562.00000000,1624890599999,54139.44380000,146,27450.00000000,26731.02970000,0
1624890600.0,0.97290000,0.97840000,0.97170000,0.97350000,11840.00000000,1624891499999,11551.47610000,74,6756.00000000,6591.11470000,0
1624891500.0,0.97340000,0.98300000,0.97130000,0.97930000,29930.00000000,1624892399999,29248.60250000,102,23128.00000000,22601.54860000,0
1624892400.0,0.98000000,0.98590000,0.96050000,0.98080000,51184.00000000,1624893299999,49987.47020000,263,22506.00000000,22074.41250000,0
1624893300.0,0.97960000,0.98550000,0.97420000,0.97980000,25945.00000000,1624894199999,25459.94640000,104,11957.00000000,11718.21540000,0
1624894200.0,0.97980000,0.98540000,0.97650000,0.98000000,41891.00000000,1624895099999,41121.69410000,128,15545.00000000,15239.49280000,0
1624895100.0,0.98080000,1.00740000,0.98080000,1.00120000,73859.00000000,1624895999999,73482.41570000,297,49711.00000000,49565.13090000,0
1624896000.0,1.00130000,1.01470000,0.99210000,0.99740000,57143.00000000,1624896899999,57159.40330000,277,38684.00000000,38780.45400000,0
1624896900.0,0.99810000,1.00550000,0.99430000,0.99950000,57148.00000000,1624897799999,57039.50530000,197,28360.00000000,28343.03500000,0
1624897800.0,0.99940000,1.00450000,0.99420000,0.99420000,42710.00000000,1624898699999,42623.50770000,161,33119.00000000,33064.37420000,0
1624898700.0,0.99420000,1.00180000,0.99300000,0.99550000,22816.00000000,1624899599999,22713.51660000,83,11557.00000000,11525.24150000,0
1624899600.0,0.99310000,0.99850000,0.98810000,0.99060000,14382.00000000,1624900499999,14254.73410000,103,9089.00000000,9013.23360000,0
1624900500.0,0.99240000,0.99600000,0.98820000,0.99120000,27368.00000000,1624901399999,27135.61320000,91,19423.00000000,19269.48690000,0
1624901400.0,0.99140000,0.99140000,0.97190000,0.97820000,98453.00000000,1624902299999,96552.37880000,264,70304.00000000,68938.09070000,0
1624902300.0,0.97820000,0.98870000,0.97820000,0.98640000,12487.00000000,1624903199999,12286.55660000,86,6615.00000000,6508.71080000,0
1624903200.0,0.98630000,0.98860000,0.97150000,0.98000000,32240.00000000,1624904099999,31537.75710000,198,17860.00000000,17493.76410000,0
1624904100.0,0.98000000,0.98390000,0.98000000,0.98370000,2127.00000000,1624904999999,2087.86990000,38,1349.00000000,1324.55600000,0
1624905000.0,0.98260000,0.98800000,0.98160000,0.98380000,3175.00000000,1624905899999,3125.90810000,47,901.00000000,886.94320000,0
1624905900.0,0.98790000,0.99550000,0.98590000,0.99200000,20519.00000000,1624906799999,20303.96300000,86,12800.00000000,12651.54590000,0
1624906800.0,0.99250000,0.99430000,0.99000000,0.99120000,3766.00000000,1624907699999,3737.70200000,47,2311.00000000,2295.27550000,0
1624907700.0,0.99130000,0.99520000,0.98940000,0.99520000,7143.00000000,1624908599999,7092.28400000,48,3603.00000000,3580.39250000,0
1624908600.0,0.99520000,0.99520000,0.98960000,0.99460000,2922.00000000,1624909499999,2901.56420000,33,2525.00000000,2507.52640000,0
1624909500.0,0.99340000,0.99600000,0.98970000,0.99600000,10560.00000000,1624910399999,10499.77680000,55,9298.00000000,9246.73330000,0
1624910400.0,0.99520000,0.99990000,0.99520000,0.99750000,17467.00000000,1624911299999,17425.14080000,81,8123.00000000,8109.19010000,0
1624911300.0,0.99700000,1.00140000,0.99600000,1.00090000,23963.00000000,1624912199999,23943.22690000,99,13508.00000000,13506.09540000,0
1624912200.0,1.00100000,1.00110000,0.99710000,0.99790000,8727.00000000,1624913099999,8717.00950000,49,5554.00000000,5547.88260000,0
1624913100.0,0.99740000,1.01000000,0.99720000,1.00810000,20532.00000000,1624913999999,20570.09150000,126,17529.00000000,17550.21110000,0
1624914000.0,1.00970000,1.04000000,1.00860000,1.01990000,116815.00000000,1624914899999,119130.85070000,510,79640.00000000,81306.32180000,0
1624914900.0,1.02200000,1.02230000,1.01000000,1.01310000,53999.00000000,1624915799999,54869.59000000,206,19585.00000000,19853.01430000,0
1624915800.0,1.01330000,1.04600000,1.01240000,1.02690000,110436.00000000,1624916699999,113460.18260000,394,66715.00000000,68530.07770000,0
1624916700.0,1.02640000,1.03280000,1.02030000,1.02540000,23671.00000000,1624917599999,24300.64740000,195,13839.00000000,14225.39830000,0
1624917600.0,1.02360000,1.02530000,1.00780000,1.01120000,36288.00000000,1624918499999,36813.35660000,187,17095.00000000,17343.41410000,0
1624918500.0,1.01120000,1.01640000,1.01040000,1.01440000,12336.00000000,1624919399999,12498.78170000,72,8888.00000000,9005.15030000,0
1624919400.0,1.01030000,1.01570000,1.00440000,1.00730000,29337.00000000,1624920299999,29630.82180000,142,14136.00000000,14271.48500000,0
1624920300.0,1.00730000,1.00740000,1.00300000,1.00730000,3119.00000000,1624921199999,3139.30490000,54,2314.00000000,2329.91000000,0
1624921200.0,1.00730000,1.00880000,0.98800000,0.99740000,102979.00000000,1624922099999,102528.78540000,320,72237.00000000,71903.34490000,0
1624922100.0,0.99670000,1.00100000,0.99670000,0.99860000,4476.00000000,1624922999999,4470.37470000,58,4072.00000000,4067.58080000,0
1624923000.0,1.00090000,1.00570000,0.99920000,1.00330000,4369.00000000,1624923899999,4381.51150000,40,499.00000000,500.01960000,0
1624923900.0,1.00050000,1.00280000,1.00030000,1.00280000,5260.00000000,1624924799999,5266.28280000,39,2116.00000000,2120.76890000,0
1624924800.0,1.00290000,1.04640000,1.00040000,1.03200000,240924.00000000,1624925699999,245605.11710000,930,122871.00000000,125190.00100000,0
1624925700.0,1.02910000,1.03500000,1.02350000,1.03150000,81550.00000000,1624926599999,84008.82670000,161,22861.00000000,23554.18530000,0
1624926600.0,1.03160000,1.05420000,1.03160000,1.04650000,99712.00000000,1624927499999,104227.41800000,426,55180.00000000,57701.24950000,0
1624927500.0,1.04720000,1.04900000,1.03920000,1.04480000,18604.00000000,1624928399999,19446.24100000,102,5501.00000000,5756.90240000,0
1624928400.0,1.04610000,1.04860000,1.04350000,1.04630000,37801.00000000,1624929299999,39562.33320000,110,9267.00000000,9703.85170000,0
1624929300.0,1.04500000,1.04650000,1.03500000,1.03540000,50801.00000000,1624930199999,52950.03630000,105,29467.00000000,30749.58820000,0
1624930200.0,1.03440000,1.03690000,1.01480000,1.03440000,72094.00000000,1624931099999,73896.25420000,408,19407.00000000,19945.44960000,0
1624931100.0,1.03180000,1.04280000,1.02470000,1.03510000,43511.00000000,1624931999999,44931.76100000,189,21386.00000000,22093.15110000,0
1624932000.0,1.03390000,1.03970000,1.03350000,1.03520000,29123.00000000,1624932899999,30178.92000000,110,8077.00000000,8379.67260000,0
1624932900.0,1.03780000,1.04160000,1.02810000,1.02810000,33198.00000000,1624933799999,34393.69990000,154,7849.00000000,8146.26680000,0
1624933800.0,1.02930000,1.03140000,1.02270000,1.02630000,31892.00000000,1624934699999,32709.36420000,113,22714.00000000,23292.29550000,0
1624934700.0,1.02820000,1.02830000,1.02080000,1.02470000,13182.00000000,1624935599999,13520.82730000,71,7878.00000000,8084.61880000,0
1624935600.0,1.02470000,1.02810000,1.01500000,1.02410000,46928.00000000,1624936499999,47992.37720000,169,19349.00000000,19807.47400000,0
1624936500.0,1.02400000,1.02840000,1.01800000,1.02360000,22967.00000000,1624937399999,23495.25750000,82,9939.00000000,10163.84920000,0
1624937400.0,1.02710000,1.04800000,1.01380000,1.02120000,109686.00000000,1624938299999,112815.89090000,390,54864.00000000,56522.20190000,0
1624938300.0,1.02340000,1.02920000,1.01800000,1.02450000,95429.00000000,1624939199999,97690.54510000,327,15913.00000000,16318.17330000,0
1624939200.0,1.02410000,1.03220000,1.02360000,1.03220000,58006.00000000,1624940099999,59567.22500000,217,21661.00000000,22288.02790000,0
1624940100.0,1.03220000,1.03440000,1.02410000,1.03110000,55700.00000000,1624940999999,57295.67970000,232,15579.00000000,16060.15730000,0
1624941000.0,1.03220000,1.03450000,1.02410000,1.02830000,16190.00000000,1624941899999,16696.30340000,92,7053.00000000,7276.69880000,0
1624941900.0,1.03080000,1.03950000,1.02420000,1.02890000,29115.00000000,1624942799999,29979.44330000,160,19058.00000000,19633.81410000,0
1624942800.0,1.03160000,1.03350000,1.02530000,1.02590000,14058.00000000,1624943699999,14450.72410000,91,5622.00000000,5785.89880000,0
1624943700.0,1.02650000,1.04000000,1.02520000,1.02760000,37997.00000000,1624944599999,39141.61900000,105,22973.00000000,23710.64520000,0
1624944600.0,1.02800000,1.03270000,1.02660000,1.02700000,35305.00000000,1624945499999,36319.05470000,99,1724.00000000,1772.81350000,0
1624945500.0,1.02710000,1.03020000,1.02710000,1.02890000,9952.00000000,1624946399999,10232.80000000,57,5198.00000000,5345.67300000,0
1624946400.0,1.02850000,1.03090000,1.02690000,1.02710000,7090.00000000,1624947299999,7290.95650000,55,1216.00000000,1250.89000000,0
1624947300.0,1.02710000,1.03100000,1.01850000,1.02790000,43652.00000000,1624948199999,44829.50010000,133,17733.00000000,18241.28130000,0
1624948200.0,1.03000000,1.04160000,1.02580000,1.03260000,39819.00000000,1624949099999,41105.50690000,146,25113.00000000,25917.34970000,0
1624949100.0,1.03420000,1.04140000,1.03270000,1.04140000,12361.00000000,1624949999999,12807.56750000,74,5731.00000000,5944.78110000,0
1624950000.0,1.04140000,1.05040000,1.04140000,1.04230000,74343.00000000,1624950899999,77814.68170000,249,33570.00000000,35200.74400000,0
1624950900.0,1.04240000,1.04420000,1.03500000,1.03980000,41408.00000000,1624951799999,43047.93910000,146,18892.00000000,19641.31060000,0
1624951800.0,1.04010000,1.04430000,1.03940000,1.04210000,24902.00000000,1624952699999,25921.88250000,108,16528.00000000,17203.32360000,0
1624952700.0,1.03980000,1.04380000,1.03600000,1.03760000,30193.00000000,1624953599999,31418.38530000,137,4769.00000000,4967.05510000,0
1624953600.0,1.03710000,1.03910000,1.03220000,1.03400000,22200.00000000,1624954499999,22996.38000000,93,7879.00000000,8164.86410000,0
1624954500.0,1.03400000,1.04050000,1.03000000,1.03150000,56772.00000000,1624955399999,58934.63120000,111,13408.00000000,13907.57880000,0
1624955400.0,1.03070000,1.04000000,1.02240000,1.03270000,99888.00000000,1624956299999,103170.89780000,310,31897.00000000,33055.72640000,0
1624956300.0,1.03310000,1.03500000,1.02910000,1.03250000,22987.00000000,1624957199999,23742.46800000,82,14356.00000000,14827.70440000,0
1624957200.0,1.03210000,1.03210000,1.01570000,1.02090000,99853.00000000,1624958099999,102314.52230000,394,32182.00000000,32973.08810000,0
1624958100.0,1.01760000,1.03260000,1.01510000,1.03110000,53577.00000000,1624958999999,54788.52700000,235,32466.00000000,33267.22690000,0
1624959000.0,1.03340000,1.03970000,1.03130000,1.03670000,24027.00000000,1624959899999,24882.31130000,128,8074.00000000,8373.15060000,0
1624959900.0,1.03780000,1.04710000,1.03680000,1.04590000,26111.00000000,1624960799999,27204.00410000,114,11450.00000000,11920.67990000,0
1624960800.0,1.04590000,1.04590000,1.03950000,1.04240000,20993.00000000,1624961699999,21903.95080000,97,6604.00000000,6888.52250000,0
1624961700.0,1.04240000,1.04510000,1.04090000,1.04350000,11874.00000000,1624962599999,12391.10610000,63,5584.00000000,5831.52620000,0
1624962600.0,1.04350000,1.04520000,1.03130000,1.04010000,70878.00000000,1624963499999,73728.31450000,220,31440.00000000,32794.18420000,0
1624963500.0,1.04000000,1.04570000,1.03430000,1.03890000,121795.00000000,1624964399999,126677.84820000,324,57281.00000000,59605.30030000,0
1624964400.0,1.03880000,1.04550000,1.03270000,1.03900000,65160.00000000,1624965299999,67720.00590000,260,29035.00000000,30228.78020000,0
1624965300.0,1.04070000,1.04210000,1.03740000,1.03890000,39540.00000000,1624966199999,41090.05810000,131,6614.00000000,6879.80780000,0
1624966200.0,1.03900000,1.04490000,1.03890000,1.03970000,51751.00000000,1624967099999,53868.60450000,171,25616.00000000,26686.76370000,0
1624967100.0,1.04090000,1.06400000,1.03010000,1.05960000,111343.00000000,1624967999999,116204.78280000,419,43506.00000000,45470.98010000,0
1624968000.0,1.06070000,1.06400000,1.04720000,1.05780000,56865.00000000,1624968899999,60250.31460000,212,14792.00000000,15653.69030000,0
1624968900.0,1.06330000,1.06660000,1.05920000,1.06330000,43376.00000000,1624969799999,46093.30760000,159,14870.00000000,15825.94650000,0
1624969800.0,1.06330000,1.07000000,1.06010000,1.06900000,16172.00000000,1624970699999,17228.70400000,124,7786.00000000,8297.99500000,0
1624970700.0,1.06900000,1.06900000,1.05190000,1.05540000,48160.00000000,1624971599999,51268.20870000,169,17617.00000000,18785.13830000,0
1624971600.0,1.05860000,1.06100000,1.04800000,1.05590000,65206.00000000,1624972499999,68877.95370000,259,30557.00000000,32287.37830000,0
1624972500.0,1.05500000,1.06100000,1.04800000,1.05650000,88719.00000000,1624973399999,93614.92520000,339,30735.00000000,32486.24240000,0
1624973400.0,1.05750000,1.06530000,1.04500000,1.06470000,228430.00000000,1624974299999,240255.85960000,870,76014.00000000,80243.54730000,0
1624974300.0,1.06290000,1.06480000,1.04910000,1.05750000,74243.00000000,1624975199999,78471.59840000,285,34413.00000000,36425.40270000,0
1624975200.0,1.05870000,1.06280000,1.05150000,1.05780000,71749.00000000,1624976099999,75985.78570000,236,11070.00000000,11741.15180000,0
1624976100.0,1.05290000,1.05480000,1.04500000,1.04900000,38428.00000000,1624976999999,40328.36240000,142,12555.00000000,13184.10250000,0
1624977000.0,1.04640000,1.05500000,1.04540000,1.05000000,63407.00000000,1624977899999,66567.93660000,164,24087.00000000,25307.34910000,0
1624977900.0,1.05020000,1.05650000,1.04350000,1.05190000,47624.00000000,1624978799999,49959.67450000,240,22302.00000000,23414.28210000,0
1624978800.0,1.05020000,1.05540000,1.04720000,1.04840000,18492.00000000,1624979699999,19429.84760000,128,5205.00000000,5473.83390000,0
1624979700.0,1.04750000,1.04980000,1.04210000,1.04220000,18452.00000000,1624980599999,19294.88820000,91,7400.00000000,7737.58390000,0
1624980600.0,1.04220000,1.04380000,1.03220000,1.03480000,78203.00000000,1624981499999,81256.98160000,223,28498.00000000,29693.13000000,0
1624981500.0,1.03480000,1.03710000,1.02050000,1.03530000,41836.00000000,1624982399999,43019.31810000,256,15938.00000000,16449.33190000,0
1624982400.0,1.03420000,1.04800000,1.03420000,1.04740000,15713.00000000,1624983299999,16347.30640000,128,10335.00000000,10756.91380000,0
1624983300.0,1.04580000,1.04740000,1.04120000,1.04650000,7498.00000000,1624984199999,7836.62760000,60,2892.00000000,3024.97720000,0
1624984200.0,1.04540000,1.05280000,1.04540000,1.05230000,9934.00000000,1624985099999,10421.37170000,89,6697.00000000,7025.75980000,0
1624985100.0,1.05230000,1.05730000,1.04790000,1.05410000,17557.00000000,1624985999999,18479.56220000,97,6503.00000000,6857.31070000,0
1624986000.0,1.05200000,1.05540000,1.05130000,1.05310000,11367.00000000,1624986899999,11976.54920000,63,5746.00000000,6054.55530000,0
1624986900.0,1.05320000,1.05730000,1.05010000,1.05200000,22001.00000000,1624987799999,23173.70350000,87,7594.00000000,7993.27340000,0
1624987800.0,1.05200000,1.05400000,1.04720000,1.05100000,21233.00000000,1624988699999,22320.52450000,98,6515.00000000,6846.21540000,0
1624988700.0,1.05130000,1.05130000,1.04720000,1.05010000,10457.00000000,1624989599999,10965.88500000,65,3462.00000000,3632.94770000,0
1624989600.0,1.05010000,1.05100000,1.04520000,1.04860000,7745.00000000,1624990499999,8114.89700000,46,1014.00000000,1063.24940000,0
1624990500.0,1.04760000,1.04890000,1.04420000,1.04440000,21705.00000000,1624991399999,22683.62190000,70,15714.00000000,16423.70750000,0
1624991400.0,1.04520000,1.04740000,1.04430000,1.04430000,10007.00000000,1624992299999,10457.54450000,79,2976.00000000,3110.29970000,0
1624992300.0,1.04560000,1.04640000,1.03970000,1.04560000,37032.00000000,1624993199999,38693.52900000,80,4290.00000000,4470.82470000,0
1624993200.0,1.04570000,1.04800000,1.04190000,1.04470000,14791.00000000,1624994099999,15444.40640000,83,6818.00000000,7117.81910000,0
1624994100.0,1.04470000,1.04510000,1.04000000,1.04320000,13986.00000000,1624994999999,14601.06650000,63,1513.00000000,1579.08280000,0
1624995000.0,1.04330000,1.04590000,1.04020000,1.04470000,21455.00000000,1624995899999,22406.34420000,70,9096.00000000,9498.72880000,0
1624995900.0,1.04330000,1.04770000,1.03930000,1.04450000,6382.00000000,1624996799999,6655.76600000,73,3044.00000000,3175.78850000,0
1624996800.0,1.04120000,1.04460000,1.03920000,1.04090000,8196.00000000,1624997699999,8534.04190000,65,2575.00000000,2683.96570000,0
1624997700.0,1.03970000,1.04790000,1.03720000,1.03740000,23170.00000000,1624998599999,24153.13940000,87,9799.00000000,10234.56900000,0
1624998600.0,1.03740000,1.04510000,1.03740000,1.04210000,4376.00000000,1624999499999,4557.36700000,49,2340.00000000,2436.93860000,0
1624999500.0,1.04230000,1.04520000,1.03510000,1.03960000,11858.00000000,1625000399999,12327.36370000,84,6645.00000000,6911.41760000,0
1625000400.0,1.04000000,1.04180000,1.03510000,1.03960000,11170.00000000,1625001299999,11607.79180000,62,3980.00000000,4138.59640000,0
1625001300.0,1.03780000,1.04520000,1.03530000,1.04250000,19244.00000000,1625002199999,20022.66060000,101,7376.00000000,7675.96450000,0
1625002200.0,1.03600000,1.04520000,1.03220000,1.04120000,36731.00000000,1625003099999,38105.17650000,106,21585.00000000,22387.16790000,0
1625003100.0,1.04110000,1.04290000,1.03920000,1.04290000,7471.00000000,1625003999999,7776.89000000,37,4051.00000000,4219.55870000,0
1625004000.0,1.04290000,1.04640000,1.03880000,1.03880000,21872.00000000,1625004899999,22768.14450000,68,5638.00000000,5880.00540000,0
1625004900.0,1.03820000,1.04080000,1.02020000,1.03050000,31663.00000000,1625005799999,32646.55050000,178,11145.00000000,11508.59380000,0
1625005800.0,1.03040000,1.03640000,1.02890000,1.03280000,9722.00000000,1625006699999,10044.81370000,52,5770.00000000,5962.44990000,0
1625006700.0,1.03280000,1.03910000,1.03010000,1.03330000,22318.00000000,1625007599999,23101.53680000,89,11536.00000000,11943.23140000,0
1625007600.0,1.03580000,1.03590000,1.02880000,1.03050000,13903.00000000,1625008499999,14328.40320000,66,2192.00000000,2262.40950000,0
1625008500.0,1.03050000,1.03350000,1.02740000,1.03170000,10678.00000000,1625009399999,10994.26730000,28,586.00000000,604.69520000,0
1625009400.0,1.03350000,1.03480000,1.03220000,1.03340000,1062.00000000,1625010299999,1097.23560000,16,337.00000000,348.57030000,0
1625010300.0,1.03250000,1.03250000,1.02810000,1.03010000,8873.00000000,1625011199999,9131.16330000,37,4613.00000000,4743.90590000,0
1625011200.0,1.02890000,1.02990000,1.02500000,1.02510000,23773.00000000,1625012099999,24406.02790000,49,268.00000000,275.19940000,0
1625012100.0,1.02680000,1.02710000,1.01010000,1.02190000,57649.00000000,1625012999999,58894.15760000,182,22701.00000000,23266.50290000,0
1625013000.0,1.02190000,1.03000000,1.02040000,1.02700000,25913.00000000,1625013899999,26601.70850000,92,16136.00000000,16559.96490000,0
1625013900.0,1.02830000,1.03220000,1.02710000,1.02930000,8427.00000000,1625014799999,8684.54080000,49,5194.00000000,5355.73270000,0
1625014800.0,1.02940000,1.02940000,1.02020000,1.02400000,34650.00000000,1625015699999,35461.92860000,65,18076.00000000,18482.89550000,0
1625015700.0,1.02290000,1.02410000,1.01630000,1.02030000,25569.00000000,1625016599999,26079.65700000,81,7492.00000000,7640.97280000,0
1625016600.0,1.01840000,1.02410000,1.01580000,1.02200000,13338.00000000,1625017499999,13625.26150000,56,9215.00000000,9411.09210000,0
1625017500.0,1.02180000,1.02240000,1.01430000,1.01500000,10438.00000000,1625018399999,10633.56730000,43,3470.00000000,3536.84640000,0
1625018400.0,1.01870000,1.02480000,1.01360000,1.01830000,30560.00000000,1625019299999,31165.30320000,67,12780.00000000,13056.58540000,0
1625019300.0,1.01810000,1.02050000,1.00320000,1.01550000,29185.00000000,1625020199999,29515.76640000,117,11734.00000000,11901.71170000,0
1625020200.0,1.01550000,1.01570000,1.01320000,1.01470000,2501.00000000,1625021099999,2535.31810000,26,968.00000000,981.86250000,0
1625021100.0,1.01470000,1.02230000,1.01470000,1.02020000,14506.00000000,1625021999999,14789.28200000,59,6135.00000000,6256.19870000,0
1625022000.0,1.02100000,1.02220000,1.01060000,1.01150000,18967.00000000,1625022899999,19255.82960000,85,3047.00000000,3101.09280000,0
1625022900.0,1.01050000,1.01250000,0.99010000,0.99480000,82228.00000000,1625023799999,82159.98130000,269,44375.00000000,44386.66070000,0
1625023800.0,0.99480000,1.00000000,0.98390000,0.99400000,53796.00000000,1625024699999,53190.65430000,100,41183.00000000,40723.13100000,0
1625024700.0,0.99640000,1.00130000,0.98960000,0.98960000,30320.00000000,1625025599999,30242.60820000,77,15523.00000000,15510.05740000,0
1625025600.0,0.98980000,0.99600000,0.98140000,0.98940000,20474.00000000,1625026499999,20230.78580000,89,12186.00000000,12040.82250000,0
1625026500.0,0.98730000,1.00120000,0.98730000,0.99820000,17278.00000000,1625027399999,17218.31260000,87,10060.00000000,10015.61000000,0
1625027400.0,0.99620000,0.99820000,0.97840000,0.98470000,20239.00000000,1625028299999,20018.89000000,71,2496.00000000,2467.48280000,0
1625028300.0,0.97930000,0.98440000,0.97150000,0.97480000,17434.00000000,1625029199999,17031.40160000,92,8830.00000000,8629.90390000,0
1625029200.0,0.97640000,0.98910000,0.97160000,0.98270000,16351.00000000,1625030099999,16046.15230000,97,7270.00000000,7142.63010000,0
1625030100.0,0.98270000,0.99290000,0.97680000,0.98710000,26168.00000000,1625030999999,25786.20480000,130,14765.00000000,14574.12910000,0
1625031000.0,0.98530000,0.99200000,0.98400000,0.98740000,7751.00000000,1625031899999,7643.02940000,51,3504.00000000,3456.14800000,0
1625031900.0,0.98650000,0.99050000,0.98260000,0.98820000,2401.00000000,1625032799999,2370.12570000,38,962.00000000,950.34330000,0
1625032800.0,0.98810000,1.00140000,0.98510000,0.99780000,19261.00000000,1625033699999,19137.67260000,117,12849.00000000,12765.32280000,0
1625033700.0,0.99990000,1.00450000,0.99460000,0.99830000,15412.00000000,1625034599999,15390.66280000,73,7716.00000000,7711.75860000,0
1625034600.0,0.99810000,1.00440000,0.99560000,0.99970000,14965.00000000,1625035499999,14948.04240000,61,3996.00000000,3993.76730000,0
1625035500.0,0.99590000,1.01110000,0.99570000,0.99970000,25396.00000000,1625036399999,25419.65470000,99,16055.00000000,16083.68280000,0
1625036400.0,1.00050000,1.00210000,0.99220000,0.99510000,4360.00000000,1625037299999,4343.14980000,58,1813.00000000,1803.39060000,0
1625037300.0,0.99500000,1.00690000,0.98040000,1.00040000,46754.00000000,1625038199999,46255.87280000,160,14857.00000000,14785.53090000,0
1625038200.0,1.00610000,1.01100000,1.00000000,1.00140000,36815.00000000,1625039099999,36971.77940000,98,7671.00000000,7707.53360000,0
1625039100.0,1.00290000,1.00870000,1.00260000,1.00420000,4253.00000000,1625039999999,4275.67700000,52,1595.00000000,1605.04230000,0
1625040000.0,1.00570000,1.01000000,1.00570000,1.01000000,7832.00000000,1625040899999,7901.36970000,40,5788.00000000,5841.03860000,0
1625040900.0,1.01000000,1.01000000,1.00540000,1.00630000,3637.00000000,1625041799999,3662.04370000,29,771.00000000,776.51480000,0
1625041800.0,1.00550000,1.01200000,1.00410000,1.00620000,10610.00000000,1625042699999,10688.37440000,67,6480.00000000,6527.87170000,0
1625042700.0,1.00590000,1.00860000,0.98630000,0.98960000,24522.00000000,1625043599999,24459.19870000,119,9217.00000000,9202.36190000,0
1625043600.0,0.98870000,0.99330000,0.97790000,0.99100000,20733.00000000,1625044499999,20438.11250000,111,8646.00000000,8515.94060000,0
1625044500.0,0.98830000,1.00770000,0.96550000,0.98120000,172362.00000000,1625045399999,169115.11080000,658,85683.00000000,84412.99450000,0
1625045400.0,0.98120000,0.98340000,0.97030000,0.97750000,57861.00000000,1625046299999,56475.17780000,147,22150.00000000,21676.52410000,0
1625046300.0,0.97880000,0.98060000,0.97480000,0.97620000,20856.00000000,1625047199999,20378.72950000,88,9072.00000000,8855.17930000,0
1625047200.0,0.97940000,0.98420000,0.97910000,0.98320000,8383.00000000,1625048099999,8222.42520000,56,7122.00000000,6984.68710000,0
1625048100.0,0.98210000,0.98980000,0.98000000,0.98820000,10669.00000000,1625048999999,10503.66790000,66,4283.00000000,4225.30140000,0
1625049000.0,0.98830000,0.99190000,0.98430000,0.98910000,10831.00000000,1625049899999,10712.24130000,67,3916.00000000,3874.03970000,0
1625049900.0,0.98920000,0.98980000,0.98660000,0.98730000,3751.00000000,1625050799999,3708.13780000,34,2554.00000000,2525.87390000,0
1625050800.0,0.98980000,0.99750000,0.98860000,0.99460000,10228.00000000,1625051699999,10142.55620000,55,8441.00000000,8369.13690000,0
1625051700.0,0.99430000,1.00000000,0.99040000,0.99060000,6311.00000000,1625052599999,6280.45900000,37,2481.00000000,2474.00630000,0
1625052600.0,0.99060000,0.99780000,0.98620000,0.99610000,7382.00000000,1625053499999,7319.01140000,54,1147.00000000,1137.02880000,0
1625053500.0,0.99600000,0.99980000,0.99540000,0.99660000,8411.00000000,1625054399999,8389.48040000,47,2952.00000000,2946.71320000,0
1625054400.0,0.99660000,1.00230000,0.99610000,1.00230000,7677.00000000,1625055299999,7666.18640000,48,2434.00000000,2434.16100000,0
1625055300.0,0.99950000,1.00290000,0.99840000,1.00180000,6401.00000000,1625056199999,6406.82300000,38,2940.00000000,2943.25030000,0
1625056200.0,1.00170000,1.00170000,0.99410000,0.99550000,6384.00000000,1625057099999,6373.38150000,40,1070.00000000,1069.57570000,0
1625057100.0,0.99810000,1.00180000,0.99400000,0.99510000,15824.00000000,1625057999999,15775.61800000,49,6527.00000000,6516.32360000,0
1625058000.0,0.99570000,0.99750000,0.97150000,0.98370000,36133.00000000,1625058899999,35626.01200000,154,9133.00000000,9001.61490000,0
1625058900.0,0.97990000,0.98390000,0.97990000,0.98150000,14859.00000000,1625059799999,14581.88770000,52,8066.00000000,7912.04690000,0
1625059800.0,0.98230000,0.98420000,0.97520000,0.98210000,9146.00000000,1625060699999,8980.35240000,49,4316.00000000,4238.08050000,0
1625060700.0,0.98410000,0.99010000,0.98040000,0.98700000,9143.00000000,1625061599999,9010.67690000,52,3702.00000000,3641.83370000,0
1625061600.0,0.98910000,0.99240000,0.98700000,0.99030000,9245.00000000,1625062499999,9148.53480000,56,3371.00000000,3338.10370000,0
1625062500.0,0.98990000,0.99240000,0.98880000,0.99120000,15103.00000000,1625063399999,14943.28760000,64,1453.00000000,1438.65480000,0
1625063400.0,0.99130000,0.99230000,0.98440000,0.98440000,46055.00000000,1625064299999,45569.66760000,71,3702.00000000,3665.67410000,0
1625064300.0,0.98440000,0.98960000,0.97820000,0.98680000,7432.00000000,1625065199999,7317.34320000,50,2017.00000000,1988.99640000,0
1625065200.0,0.98780000,0.98990000,0.97060000,0.98050000,29781.00000000,1625066099999,29183.98480000,113,10206.00000000,10013.32650000,0
1625066100.0,0.98590000,0.99000000,0.97150000,0.97190000,24306.00000000,1625066999999,23796.30630000,112,17083.00000000,16734.96630000,0
1625067000.0,0.97330000,0.97580000,0.96550000,0.96560000,19541.00000000,1625067899999,18950.09770000,86,6577.00000000,6378.48350000,0
1625067900.0,0.96560000,0.97250000,0.95600000,0.96400000,62128.00000000,1625068799999,59784.22040000,208,37900.00000000,36445.09830000,0
1625068800.0,0.95640000,0.97470000,0.95640000,0.97010000,17989.00000000,1625069699999,17406.23360000,97,8342.00000000,8085.51330000,0
1625069700.0,0.97290000,0.97960000,0.97110000,0.97720000,10413.00000000,1625070599999,10176.91500000,63,4748.00000000,4643.80690000,0
1625070600.0,0.97970000,0.97970000,0.97720000,0.97720000,3870.00000000,1625071499999,3787.45270000,24,340.00000000,332.63540000,0
1625071500.0,0.97620000,0.97960000,0.97460000,0.97670000,3177.00000000,1625072399999,3103.56410000,28,640.00000000,625.57050000,0
1625072400.0,0.97520000,0.97740000,0.96940000,0.97510000,4747.00000000,1625073299999,4624.65900000,25,1351.00000000,1318.95300000,0
1625073300.0,0.97740000,0.98630000,0.97500000,0.97760000,13871.00000000,1625074199999,13571.50570000,56,7105.00000000,6950.07990000,0
1625074200.0,0.97760000,0.98650000,0.97700000,0.98650000,9011.00000000,1625075099999,8860.65960000,44,4944.00000000,4863.95910000,0
1625075100.0,0.98650000,0.99000000,0.98480000,0.98880000,6486.00000000,1625075999999,6412.17790000,35,4993.00000000,4940.41860000,0
1625076000.0,0.98990000,0.99850000,0.98680000,0.99550000,19813.00000000,1625076899999,19635.29700000,64,13456.00000000,13340.01420000,0
1625076900.0,0.99300000,0.99890000,0.99230000,0.99520000,9234.00000000,1625077799999,9197.62330000,54,1437.00000000,1431.42810000,0
1625077800.0,0.99890000,1.00000000,0.99560000,0.99910000,8097.00000000,1625078699999,8083.02500000,42,5422.00000000,5415.54180000,0
1625078700.0,1.00130000,1.00620000,0.99920000,1.00620000,14300.00000000,1625079599999,14353.93090000,87,3223.00000000,3232.04110000,0
1625079600.0,1.00620000,1.00620000,0.99140000,0.99800000,13996.00000000,1625080499999,13949.78500000,80,2056.00000000,2047.80420000,0
1625080500.0,0.99990000,1.00290000,0.99550000,1.00000000,9213.00000000,1625081399999,9216.83580000,38,3881.00000000,3881.17670000,0
1625081400.0,1.00420000,1.00430000,0.99660000,1.00240000,11947.00000000,1625082299999,11962.99310000,69,7158.00000000,7169.73920000,0
1625082300.0,1.00350000,1.00350000,1.00270000,1.00270000,253.00000000,1625083199999,253.87590000,2,241.00000000,241.84350000,0
